image,dataset,vessel_density,vessel_tortuosity,branching_points,vessel_length,average_vessel_width,ridge_width,max_ridge_height,neovascularization_score,disk_diameter,disk_circularity,disk_center_x,disk_center_y
001_F_GA41_BW2905_PA44_DG11_PF0_D1_S01_10.jpg,01,0.9784088134765624,0.0,0,2298,49.86013402331385,17.913012,852.0199528180077,24214,765.2474176951745,0.0190758861858945,264.9699868676239,255.94463529391305
001_F_GA41_BW2905_PA44_DG11_PF0_D1_S01_6.jpg,01,0.7169990539550781,0.0,0,2927,26.49687031663435,23.92714,649.5983374362961,23692,849.7706563298589,0.0173684914016884,246.9221361770556,267.2663591609891
001_F_GA41_BW2905_PA44_DG11_PF0_D1_S01_4.jpg,01,0.726531982421875,0.0,0,3052,22.180167103952098,33.085526,742.1118514078589,25886,906.8631102977882,0.0279970747923077,297.9306778632383,279.78665205167266
001_F_GA41_BW2905_PA44_DG11_PF0_D1_S01_9.jpg,01,0.8893280029296875,0.0,0,2010,41.34194490846711,24.900112,542.7061820174891,29984,822.5938302530677,0.0171722385553287,268.8289428128434,269.97706642982945
001_F_GA41_BW2905_PA44_DG11_PF0_D1_S01_8.jpg,01,0.8933830261230469,0.0,0,2246,39.06771479911335,9.650548,629.0453083840623,32577,854.7753349910166,0.0108417864227623,274.9464802280759,264.21751556172063
001_F_GA41_BW2905_PA44_DG11_PF0_D1_S01_7.jpg,01,0.8599433898925781,0.0,0,2312,30.60915339572433,27.944769,617.991909332153,28179,817.8094894391146,0.0186262271774938,271.15659338567326,271.16420831397875
001_F_GA41_BW2905_PA44_DG11_PF0_D1_S01_1.jpg,01,0.9964370727539062,0.0,0,1318,100.7579628922252,29.776575,675.1947867097316,22667,824.7270765009972,0.0366195480826026,336.5353869653768,264.0328336528094
001_F_GA41_BW2905_PA44_DG11_PF0_D1_S01_11.jpg,01,0.975566864013672,0.0,0,2156,51.88149073613682,15.853158,765.3456735358213,25647,826.7778225756164,0.0224452112521756,295.8018879873637,256.5329727232765
001_F_GA41_BW2905_PA44_DG11_PF0_D1_S01_5.jpg,01,0.6758270263671875,0.0,0,3228,23.075025619942128,35.76155,814.8545882548616,23525,834.4575652129494,0.0229255958027746,291.5438627287488,280.5750427875543
001_F_GA41_BW2905_PA44_DG11_PF0_D1_S01_2.jpg,01,0.9212379455566406,0.0,0,2512,42.01385221137974,13.73993,567.9524627994847,33756,849.9204764377819,0.0202485961252547,345.2651654022956,279.887567331284
001_F_GA41_BW2905_PA44_DG11_PF0_D1_S01_3.jpg,01,0.8913383483886719,0.0,0,1509,60.41158495691013,20.372839,625.352700481896,29859,833.7889842759591,0.0258789201315312,351.1146787982682,282.76789521109424
001_F_GA41_BW2905_PA44_DG11_PF0_D1_S01_12.jpg,01,0.985382080078125,0.0,0,2436,52.603862901851166,14.548109,800.7121829971117,25315,793.1084911691477,0.0211807640122731,279.17666062117434,252.33580820675584
001_F_GA41_BW2905_PA47_DG11_PF0_D1_S02_7.jpg,02,0.7189369201660156,0.0,0,3514,20.256931922241375,19.129612,978.897338846112,16241,584.6049594365518,0.0243680612804607,206.02998286267788,242.4195365472021
001_F_GA41_BW2905_PA47_DG11_PF0_D1_S02_2.jpg,02,0.9287261962890624,0.0,0,1968,42.64337976899698,21.78337,686.8609757440001,24409,741.9725832890254,0.0302420201332193,248.03764281419123,219.4354317961053
001_F_GA41_BW2905_PA47_DG11_PF0_D1_S02_4.jpg,02,0.943561553955078,0.0,0,2471,35.459428149858056,15.762635,921.7863092929944,19442,712.2530949361325,0.0180601997091033,225.06557640373865,217.1400475860615
001_F_GA41_BW2905_PA47_DG11_PF0_D1_S02_1.jpg,02,0.9680671691894532,0.0,0,2502,41.56938358012065,20.5226,855.716074407861,18847,648.5186862511512,0.0315516569155435,233.40790748365225,215.88167837248727
001_F_GA41_BW2905_PA47_DG11_PF0_D1_S02_18.jpg,02,0.9313926696777344,0.0,0,1749,54.73919644753085,20.341982,726.1129388738366,26819,703.8155947109332,0.0271428974657163,254.00442100284795,226.09213164307084
001_F_GA41_BW2905_PA47_DG11_PF0_D1_S02_13.jpg,02,0.9713172912597656,0.0,0,2431,40.38227947732846,18.24721,917.4976839207824,17393,634.7631789641792,0.0270747883468795,218.73552089389997,218.21858331016003
001_F_GA41_BW2905_PA47_DG11_PF0_D1_S02_11.jpg,02,0.8002243041992188,0.0,0,2672,32.77474200051366,13.888817,900.925080125978,28048,788.3680893625776,0.0239094879607001,265.0490347110689,242.98760201907635
001_F_GA41_BW2905_PA47_DG11_PF0_D1_S02_6.jpg,02,0.955951690673828,0.0,0,3300,30.33736750742159,10.613002,933.0133975458232,23933,736.7097625626855,0.0143117901854646,234.09448515957095,216.54733641746503
001_F_GA41_BW2905_PA47_DG11_PF0_D1_S02_14.jpg,02,0.6429710388183594,0.0,0,1958,32.89455303613445,27.375526,823.7718130647588,24692,788.335788064586,0.0343995013814151,263.1582121842886,250.82320161277104
001_F_GA41_BW2905_PA47_DG11_PF0_D1_S02_9.jpg,02,0.8331756591796875,0.0,0,2683,33.83423468628661,15.626235,849.4198019825062,30325,768.6805116861995,0.0313849236941278,252.9773395278278,223.40281165691235
001_F_GA41_BW2905_PA47_DG11_PF0_D1_S02_15.jpg,02,0.3398399353027344,0.0,0,1680,16.336725182261407,27.28752,929.0048439055632,21254,757.5282587548387,0.0305448097018316,274.9512491679609,265.1879565120923
001_F_GA41_BW2905_PA47_DG11_PF0_D1_S02_17.jpg,02,0.6412925720214844,0.0,0,2569,22.38140236301192,30.148754,766.322386466688,25243,805.1157340301146,0.046219927064165,233.0799522297998,237.73749175021211
001_F_GA41_BW2905_PA47_DG11_PF0_D1_S02_10.jpg,02,0.9801559448242188,0.0,0,2827,39.38838796754877,19.193943,909.373410651532,17056,664.4457635500803,0.0290129145867081,226.9331033846296,217.9247514016104
001_F_GA41_BW2905_PA47_DG11_PF0_D1_S02_12.jpg,02,0.610260009765625,0.0,0,2795,23.01168799750474,12.725873,915.3119686751616,28327,772.9487893860426,0.0234211448697052,262.20567901866013,236.1230851852799
001_F_GA41_BW2905_PA47_DG11_PF0_D1_S02_16.jpg,02,0.01776123046875,0.0,0,256,5.8909610897061,35.667164,979.5519383881592,16575,522.4139641461479,0.0390279722079656,333.59185996603657,273.1131057905835
001_F_GA41_BW2905_PA47_DG11_PF0_D1_S02_5.jpg,02,0.917133331298828,0.0,0,2703,37.75722743933911,11.425074,921.5660584027604,23749,723.1352390672926,0.0147352093724338,230.217363356578,216.40541119638476
001_F_GA41_BW2905_PA47_DG11_PF0_D1_S02_3.jpg,02,0.907501220703125,0.0,0,3246,25.65140863561148,12.576993,926.002159824695,22503,717.3936227053532,0.0166788017028127,225.50214740925463,218.845772473578
001_F_GA41_BW2905_PA47_DG11_PF0_D1_S02_8.jpg,02,0.3724327087402344,0.0,0,2354,20.49714291160244,41.54077,1044.2882743763812,16402,480.3609644978077,0.0479315264146386,306.4651378374203,246.37885977884213
001_F_GA41_BW2905_PA50_DG11_PF0_D1_S03_15.jpg,03,0.9011802673339844,0.0,0,2131,33.501296461888806,14.340942,986.1845669041876,19789,663.7402115246026,0.0321166942252106,262.88017618089754,289.55769808790546
001_F_GA41_BW2905_PA50_DG11_PF0_D1_S03_7.jpg,03,0.5378150939941406,0.0,0,2413,25.94036530040281,27.189734,944.0021186416903,21755,807.7997026707486,0.0392211737724937,353.10084604217724,268.4963395407645
001_F_GA41_BW2905_PA50_DG11_PF0_D1_S03_8.jpg,03,0.9001884460449219,0.0,0,2136,41.84925949164697,20.41245,962.8634378768362,19368,691.798583458403,0.0340578345094249,259.1596041289773,260.56093434074705
001_F_GA41_BW2905_PA50_DG11_PF0_D1_S03_5.jpg,03,0.5579681396484375,0.0,0,2647,19.909244090361447,29.694473,982.3502430396196,12022,497.5320485448464,0.0293589308296276,268.8989177845445,280.467759855156
001_F_GA41_BW2905_PA50_DG11_PF0_D1_S03_6.jpg,03,0.5523033142089844,0.0,0,2466,23.95922425008656,38.72139,1004.7109036931968,10708,494.0651703555377,0.0399261955756651,255.61063239374909,280.49836216069605
001_F_GA41_BW2905_PA50_DG11_PF0_D1_S03_11.jpg,03,0.7484092712402344,0.0,0,2548,27.546186713689625,27.303574,846.3628063661588,18073,712.7391623577557,0.0375313779130075,265.4346583788661,291.78737781342426
001_F_GA41_BW2905_PA50_DG11_PF0_D1_S03_10.jpg,03,0.8570442199707031,0.0,0,2232,38.20657505149928,19.109034,962.011434443479,19647,686.2846249713551,0.0338037248833974,258.8388481584809,262.04658405242327
001_F_GA41_BW2905_PA50_DG11_PF0_D1_S03_3.jpg,03,0.6476554870605469,0.0,0,2660,32.73082658230953,30.750927,995.8845314593456,13456,560.7215710303307,0.0301279475863878,254.91878057472383,268.8511679139534
001_F_GA41_BW2905_PA50_DG11_PF0_D1_S03_9.jpg,03,0.9215049743652344,0.0,0,2218,37.830648408651385,20.276213,945.9323443037562,19601,689.6234006684214,0.0328714400471986,259.4897408438638,262.21030199186123
001_F_GA41_BW2905_PA50_DG11_PF0_D1_S03_12.jpg,03,0.7363014221191406,0.0,0,2651,31.08187907320525,31.904379,914.160817362022,18516,710.8788752701729,0.0264472294944752,279.26585034013607,304.4828017132779
001_F_GA41_BW2905_PA50_DG11_PF0_D1_S03_4.jpg,03,0.555389404296875,0.0,0,2411,23.730005330068284,49.795624,991.1619443864862,8402,488.9307425424549,0.0341916698530356,253.01516894626957,259.163492266394
001_F_GA41_BW2905_PA50_DG11_PF0_D1_S03_13.jpg,03,0.6650161743164062,0.0,0,2757,30.241681774502872,43.270393,964.4314387243916,14398,527.710015317405,0.0336315354019109,272.74134494047075,288.57327310301946
001_F_GA41_BW2905_PA50_DG11_PF0_D1_S03_2.jpg,03,0.3496208190917969,0.0,0,2157,16.510167400243496,45.578735,1000.7247373778664,9948,487.365759516848,0.0348052057575065,255.17206998584845,263.7186414511772
001_F_GA41_BW2905_PA50_DG11_PF0_D1_S03_14.jpg,03,0.6102790832519531,0.0,0,2812,23.536746718395342,38.696487,992.3809752307832,14684,517.5264028745876,0.0277769298057252,272.91581889748807,286.91815778965184
001_F_GA41_BW2905_PA50_DG11_PF0_D1_S03_1.jpg,03,0.8212890625,0.0,0,3114,23.70356023183589,22.881819,979.5886891956236,17856,704.4484786268043,0.0348203370543647,263.04368932038835,261.20265194277385
48.png,RetCam_Normal,0.4553718566894531,0.0,0,3673,12.11586172145407,45.63129,684.2368011149357,17452,468.5586848813856,0.0739389496069318,238.6899183446228,224.1119977730352
37.png,RetCam_Normal,0.1005287170410156,0.0,0,945,9.079978221726616,61.426693,744.017472913103,10729,478.11330759933065,0.0800866280338214,271.6292442741289,221.13091524819532
35.png,RetCam_Normal,0.913837432861328,0.0,0,1636,56.75966831898854,57.940605,416.8860755650157,23815,475.2820920976653,0.0702405179501547,211.7950128511521,216.3874058709474
11.png,RetCam_Normal,0.9746932983398438,0.0,0,2326,37.87632725009436,54.868294,710.416779081125,14698,551.7624136007593,0.0649697058199511,186.52045100958563,226.81720394131523
31.png,RetCam_Normal,0.9590988159179688,0.0,0,2461,35.69070380902199,46.738873,1014.5678883150206,7838,596.5573221994981,0.054503292201566,191.67769079954775,224.4690670750032
4.png,RetCam_Normal,0.8995361328125,0.0,0,1044,77.74722832427932,26.749084,630.3411774586839,28827,792.2828967689597,0.03193988966353,316.1796577715394,259.4288241069038
43.png,RetCam_Normal,0.8560066223144531,0.0,0,1685,38.97482156751133,74.27813,529.8018497513953,28748,961.3075307156404,0.0784262953947375,260.93550253790323,279.3269568859569
40.png,RetCam_Normal,0.8678512573242188,0.0,0,3115,48.07071251612605,43.472378,829.7288713790789,9836,726.5114636334874,0.0629120531157436,396.2378783639048,259.26719221899515
33.png,RetCam_Normal,0.907501220703125,0.0,0,1541,52.95056027385976,30.43059,502.0478064885853,27274,802.3275777295596,0.0203211020680184,235.09055666318557,250.85286717934116
9.png,RetCam_Normal,0.8216171264648438,0.0,0,2759,40.971133000085125,42.828262,666.4082832618454,18739,506.6560678538703,0.0416889547541652,233.63918814356288,252.2945459595659
50.png,RetCam_Normal,0.9267616271972656,0.0,0,2165,48.08887458958446,30.35503,1003.821697314817,11911,525.7229826198882,0.0658077282721992,335.8401452052775,243.1913835040908
49.png,RetCam_Normal,0.1293144226074218,0.0,0,1046,9.248953226904792,41.672585,883.8099343184597,11947,632.7823203807869,0.0703614283893059,176.39747650118926,242.99364037598096
14.png,RetCam_Normal,0.8789024353027344,0.0,0,1742,58.467864704322935,30.733477,672.2678037806064,22002,501.5489910011151,0.0578980739275164,243.1463394881762,220.1498218334953
1.png,RetCam_Normal,0.9687271118164062,0.0,0,3142,27.02045102453854,53.05517,853.2502563726541,9030,513.9466732965376,0.0420252280790036,248.9145457349992,255.68043344130805
39.png,RetCam_Normal,0.0536651611328125,0.0,0,778,6.748495655399501,40.655373,628.6763873408958,20689,532.814859787628,0.0584532359365284,221.8182160668796,252.70896272110795
20.png,RetCam_Normal,0.8403968811035156,0.0,0,4069,18.53973231609293,48.934433,434.73670192427966,22366,470.9871404209875,0.0704958083532444,241.7684130774176,237.74655615759025
38.png,RetCam_Normal,0.8957405090332031,0.0,0,2601,34.59639384156333,30.848959,462.4824320987771,24340,488.420066235592,0.0700203752152145,204.3135994876174,237.45072587532024
2.png,RetCam_Normal,0.7983551025390625,0.0,0,4313,18.917214146853293,93.91176,609.000821017509,17259,442.8424636801316,0.0710441789766971,283.84358281826206,220.34127149015737
10.png,RetCam_Normal,0.8402786254882812,0.0,0,2881,26.07977997121105,86.1739,614.2637869840611,12275,456.19464054946087,0.0807116584970694,221.7706727357267,236.4803856789761
36.png,RetCam_Normal,0.8777961730957031,0.0,0,1673,58.57678213155776,33.007526,631.6660510111336,23270,609.7258197173151,0.0284728610679667,197.1650227409721,253.0424817798236
18.png,RetCam_Normal,0.6344184875488281,0.0,0,3724,20.07790672441983,44.473713,749.7946385511169,18245,707.7735276771818,0.0460002059341712,205.23331638877596,187.95229768198453
21.png,RetCam_Normal,0.5236778259277344,0.0,0,3980,11.808177497670528,35.139366,1007.5574425311938,14768,562.0370433437772,0.0463781603186222,322.43128466400105,241.0743260673288
12.png,RetCam_Normal,0.910442352294922,0.0,0,2416,32.24680149902465,42.529747,557.2109115945236,21849,628.963851544121,0.0433063869714166,205.10017380109431,218.15136144190535
28.png,RetCam_Normal,0.9995460510253906,0.0,0,608,129.79174885875523,39.512615,919.7488787707218,11856,468.303183998746,0.0640896626698208,296.13018740855995,226.96890457722765
22.png,RetCam_Normal,0.6875534057617188,0.0,0,2814,24.96091436243959,33.870407,934.4142550282504,15519,500.7817425677744,0.0666663954160524,263.66280132409986,228.74023679454115
34.png,RetCam_Normal,0.9755134582519532,0.0,0,3065,30.25111601748699,42.7849,632.5345840347387,19452,788.2776423926985,0.0172645059260803,274.94757720805194,224.07737197560812
41.png,RetCam_Normal,0.8491401672363281,0.0,0,3386,25.40237163451533,46.11205,743.194456384061,15348,716.2532864307644,0.0305962175996052,208.4298378850602,249.2215901758148
7.png,RetCam_Normal,0.8782768249511719,0.0,0,1435,66.58481059017026,56.37851,676.6742199906836,15482,464.9250810943621,0.0755089716463938,244.71895763630368,217.06656142500356
29.png,RetCam_Normal,0.995624542236328,0.0,0,1909,42.53705316312931,63.539265,894.2057928687333,10159,458.7829286484614,0.0694084268753399,280.9097464188928,223.546626984127
17.png,RetCam_Normal,0.5055694580078125,0.0,0,3980,13.331859971355,50.007557,879.3179174792243,16542,571.6507400446079,0.0608500168448878,331.3864316439125,218.0409731313509
5.png,RetCam_Normal,0.49359130859375,0.0,0,3494,13.624984078946287,91.17696,729.6382665403453,13150,490.615317181489,0.048599894822881,276.96874867758453,224.6309508696204
3.png,RetCam_Normal,0.9925270080566406,0.0,0,2298,53.71504474425707,73.14797,769.3438762997987,9274,465.1003178802668,0.0796373689248619,259.2123652116589,224.04233177944155
16.png,RetCam_Normal,0.9594764709472656,0.0,0,2922,30.008845965038237,27.509495,979.4090054721776,11991,529.2374967904485,0.04932593907028,243.37022692559455,213.38433704269403
8.png,RetCam_Normal,0.855377197265625,0.0,0,3527,23.027308979404022,41.504337,742.9737545835653,12460,520.2696813137757,0.0332814568308177,213.9090464363664,255.8130503499661
45.png,RetCam_Normal,0.8181343078613281,0.0,0,1421,63.21911987489152,28.135986,771.6229649252282,26809,701.9969560849081,0.0227996903345415,280.8987711991401,262.8304275482891
24.png,RetCam_Normal,0.5093879699707031,0.0,0,3734,14.592772662913635,87.004326,455.3965305094012,21166,460.5390790823113,0.0714096262069138,229.1055829031096,219.94126545803817
32.png,RetCam_Normal,0.7501220703125,0.0,0,2828,36.387905546844905,63.235886,723.5938087076202,19787,525.3304910646792,0.0555770547231634,306.8574012216952,208.90831749312565
6.png,RetCam_Normal,0.7715530395507812,0.0,0,2044,43.8358654328327,44.540817,530.5883526803052,19676,487.6164943293276,0.0627904079981513,270.1963757871739,232.58542175384483
23.png,RetCam_Normal,0.4920883178710937,0.0,0,3309,14.528754293129545,35.36943,947.0216470598758,10715,556.3996368304768,0.0438782971426788,203.64266442930935,208.6759780212549
44.png,RetCam_Normal,0.1731681823730468,0.0,0,2379,7.511528418344471,40.91753,934.2216011204196,9056,562.6664725016834,0.0853706377700837,321.56252111384583,229.63859530588937
46.png,RetCam_Normal,0.9015617370605468,0.0,0,2174,34.48618046876807,36.350994,962.177738258374,12482,530.40062583704,0.0388242011922539,247.3033962127521,210.3657083891524
15.png,RetCam_Normal,0.7411537170410156,0.0,0,2537,36.584404421293954,55.141186,780.7752557554575,8529,481.7584427620386,0.0516202772867743,213.63145421430292,253.3565425380176
30.png,RetCam_Normal,0.9169464111328124,0.0,0,2488,31.68518683561814,32.878674,929.1555305760172,11646,677.0688728959757,0.0427972673220104,197.73444356800837,200.0942995856062
27.png,RetCam_Normal,0.9637832641601562,0.0,0,3055,30.82663312800112,32.8193,585.4519621625672,24813,778.8497735886453,0.0655325693654986,363.1480433559741,226.5219508509156
47.png,RetCam_Normal,0.8005828857421875,0.0,0,2855,29.222874574262782,27.330439,844.2191658568289,18102,585.5233323904085,0.0435079616383625,205.90198466932085,250.09345475072791
13.png,RetCam_Normal,0.9551925659179688,0.0,0,3320,27.35756991310772,53.820305,656.4464943923457,16348,599.4359668878734,0.0570344246831678,196.73278244723824,230.6895808824572
25.png,RetCam_Normal,0.8971443176269531,0.0,0,2695,28.730383233907563,38.65888,494.2428552847274,23770,483.25727857459486,0.0448216505005169,225.1111329189837,223.09427543343148
19.png,RetCam_Normal,0.54656982421875,0.0,0,2611,22.175627592735182,19.180765,642.8996811322899,23186,513.3219947187451,0.0431199579293559,221.80619660597625,244.06266187328464
26.png,RetCam_Normal,0.9326705932617188,0.0,0,2321,35.91984094133894,31.835966,900.2777349240622,15263,532.2553886092405,0.0721096353023846,282.4784719101124,240.04528539325844
42.png,RetCam_Normal,0.792083740234375,0.0,0,3386,24.655331652756114,20.120226,590.9890015897081,24916,537.9801366155067,0.0515830641920568,197.72360456113185,244.57710987541356
48.png,RetCam_ROP,0.6723709106445312,0.0,0,3218,23.712650953903974,64.33151,686.8129294065452,12823,594.2392239972468,0.0558237264510915,223.40275474147256,243.74044854690996
37.png,RetCam_ROP,0.4001617431640625,0.0,0,2541,16.1608303447155,76.57408,575.3138274020537,11623,472.7787522270298,0.0645558188532064,226.38746354356545,225.97012850893185
35.png,RetCam_ROP,0.0142822265625,0.0,0,537,1.8230345805088537,77.66031,522.5246405673133,24753,515.9198322471964,0.0386120828279105,224.6521439641812,254.96527179840425
11.png,RetCam_ROP,0.0615310668945312,0.0,0,1040,5.310315771509124,110.20414,506.067189215029,21722,634.0607429003912,0.0481099120988443,209.75839572328,308.712588201016
31.png,RetCam_ROP,0.8531417846679688,0.0,0,2021,42.80777304763964,24.309607,530.4224731287316,28354,580.9826987677607,0.0401348458987057,263.7215432434064,266.3149254632144
4.png,RetCam_ROP,0.9447021484375,0.0,0,1961,55.784407169637056,63.686466,591.9814186273079,17928,465.5435911972362,0.0653116004203336,301.7510985783104,226.0138409117613
43.png,RetCam_ROP,0.0528945922851562,0.0,0,708,7.12611251375439,72.57232,896.6113985445422,8301,471.74346904540255,0.0769352081270996,222.56160746979128,215.86808861222997
40.png,RetCam_ROP,0.1688194274902343,0.0,0,2721,6.138086933973808,92.84739,355.17038164801977,26476,462.21143396740246,0.0802561965115932,226.4777343377515,211.29078859540385
33.png,RetCam_ROP,0.7988777160644531,0.0,0,1597,54.53942779772707,21.278145,460.03695503731,30902,543.2697483090602,0.0573093735915822,202.67790029507688,218.03087090818104
9.png,RetCam_ROP,0.0161933898925781,0.0,0,287,4.728653058200488,96.14159,669.1681403055587,23646,442.42249229805896,0.0605990043432252,288.624541409726,216.40506856087217
50.png,RetCam_ROP,0.0078468322753906,0.0,0,257,2.685091658515248,91.49608,545.0009174304205,22093,458.594172489332,0.054789647381316,218.0245798421078,244.08076233835425
49.png,RetCam_ROP,0.930755615234375,0.0,0,3181,25.90143403634917,42.60933,362.162946751873,32412,467.955043588496,0.0584595627271751,282.94762425285484,220.58366862804385
14.png,RetCam_ROP,0.2976799011230469,0.0,0,3056,8.326612416947716,103.47166,844.5412956155549,12182,461.79253444442224,0.0806319264485357,245.4113011081391,222.63099445930456
1.png,RetCam_ROP,0.9761695861816406,0.0,0,3777,24.763957250588376,57.494167,818.3520025025906,9981,526.9132017389303,0.0430694283612253,224.90661114576076,236.67977033422608
39.png,RetCam_ROP,0.999309539794922,0.0,0,1072,110.79862379111154,44.68839,743.8198706676234,18979,665.6059938340912,0.0270195947373394,400.5773028773753,257.36205727160905
20.png,RetCam_ROP,0.8559417724609375,0.0,0,2907,28.75256062816954,81.25214,796.4885435459822,14983,476.5876088028256,0.0690225715714518,224.59224628907128,216.0153370106283
38.png,RetCam_ROP,0.7184410095214844,0.0,0,3628,16.341081089291315,75.03948,319.03918254659567,34278,492.55269343697313,0.0421807745142858,277.33695104542784,251.7032916281804
2.png,RetCam_ROP,0.9798736572265624,0.0,0,1664,52.57001064198017,68.63804,752.1396146992923,14158,470.2891608753657,0.0489055837643996,289.7839132337025,233.00057567872523
10.png,RetCam_ROP,0.9398536682128906,0.0,0,3480,23.31608045033131,64.00672,696.3117118072911,11347,518.2541224947402,0.0431070848496473,201.57991542939493,270.6339002977037
36.png,RetCam_ROP,0.9296760559082032,0.0,0,3105,31.07849157949242,95.58051,771.0784655273418,9121,453.3051771662424,0.0793774563190633,227.18355763749477,237.33333333333331
18.png,RetCam_ROP,0.8464813232421875,0.0,0,2161,34.89275476552888,71.84928,569.857877018472,18037,464.2618690900076,0.0635793535857833,236.1637721225869,225.4500129959122
21.png,RetCam_ROP,0.7124977111816406,0.0,0,2506,37.03938274577624,39.540905,912.0274118687444,17012,539.3888476138189,0.0619171878438153,315.2883275566292,239.21757168364667
12.png,RetCam_ROP,0.4628028869628906,0.0,0,3182,14.029652036034475,99.32215,396.23225512317896,30050,473.9890970767249,0.058718815448531,332.9306100242559,225.22913880262053
28.png,RetCam_ROP,0.6092987060546875,0.0,0,3716,14.934570816169447,38.43835,788.3210006082547,23126,503.67185731507055,0.0677163670590176,280.3984260504708,220.8366826604565
22.png,RetCam_ROP,0.4169273376464844,0.0,0,3621,10.855895757120855,66.805244,512.0703076726867,23666,474.4938379119684,0.0620544562966078,217.1423982627186,227.2434456081616
34.png,RetCam_ROP,0.1924324035644531,0.0,0,2236,10.866530997933966,52.018257,590.0305076858315,15928,497.2709507523091,0.0378853124575387,213.36790723539224,243.89683438716452
41.png,RetCam_ROP,0.443023681640625,0.0,0,2588,18.86084280124312,55.779694,571.4437855117509,15053,485.7380709351322,0.077758579597229,257.67079672761025,224.88425756038595
7.png,RetCam_ROP,0.1390571594238281,0.0,0,819,15.845138484214711,84.531845,363.0013774078551,29018,501.4779047572599,0.0484429158736732,199.49576734578156,216.3957835473288
29.png,RetCam_ROP,0.8299751281738281,0.0,0,2197,41.59012609874871,32.75493,932.1223095710134,16548,527.2900273139328,0.0712515046945349,292.30046526963656,218.74934056271985
17.png,RetCam_ROP,0.0005531311035156,0.0,0,25,1.260358819279087,93.94928,576.1249864395746,19652,446.832451248799,0.0777923388536237,217.9728847282096,236.99515343213528
5.png,RetCam_ROP,0.963764190673828,0.0,0,1969,53.605007365080205,50.645397,603.0655022466465,19419,540.4406152428473,0.0383742286772345,236.6417897435003,233.43371288078256
3.png,RetCam_ROP,0.971515655517578,0.0,0,1246,77.82560745577335,55.12901,524.0400748034448,25119,484.46772614538514,0.0516718601676005,318.8656829771075,234.83191927959209
16.png,RetCam_ROP,0.9330711364746094,0.0,0,2264,34.389440923607765,71.198326,525.0238089839355,15204,453.9900048938844,0.0798573723027795,212.09980478885072,238.30556722429515
8.png,RetCam_ROP,0.0393257141113281,0.0,0,802,4.714119724560432,74.20837,682.2814668448792,13140,521.1792700363482,0.0384714410576068,214.04910563617955,249.2973337833277
45.png,RetCam_ROP,0.1895408630371093,0.0,0,2018,8.730149998226223,107.038086,525.0009523800885,18784,455.0153139074501,0.0796337012991775,224.44202007281316,212.5451884286136
24.png,RetCam_ROP,0.9285812377929688,0.0,0,1589,61.79402268975507,50.5496,677.7093772407167,18531,493.0281005829986,0.0543101478681685,214.5147921555481,225.47923650687227
32.png,RetCam_ROP,0.7963943481445312,0.0,0,3008,35.96329548943746,26.061558,942.0074309685672,21154,540.4029190693143,0.0512324987749255,318.45845032350326,234.64006557262687
6.png,RetCam_ROP,0.1955947875976562,0.0,0,2030,11.309927408986349,58.557358,519.0086704478067,26617,460.7823059991093,0.0766295897276235,237.6073304708676,211.81352395116215
23.png,RetCam_ROP,0.4552154541015625,0.0,0,3560,14.921532725457592,102.3269,698.1031442415941,11871,450.6628299070108,0.0786089072235503,234.9779326947189,236.1376448166909
44.png,RetCam_ROP,0.0411872863769531,0.0,0,915,4.127951945914779,51.725895,625.0647966411162,17483,471.5653008514151,0.0690101623525989,218.94480452557085,217.3251494400293
46.png,RetCam_ROP,0.2752799987792969,0.0,0,1625,17.99823875314311,73.56087,445.7016939613311,19357,636.3338219636415,0.0449834574926748,200.3102407365482,224.77273413327296
15.png,RetCam_ROP,0.5240364074707031,0.0,0,3170,14.712517909731131,82.42948,499.0490957811666,13763,653.0381712531017,0.0374453662335177,171.05333492565833,222.2975458291037
30.png,RetCam_ROP,0.7116622924804688,0.0,0,2467,31.5099867467519,31.168512,687.9781973289561,22819,628.0035791783405,0.0355999411541364,193.10569746119475,219.40942431364445
27.png,RetCam_ROP,0.7077102661132812,0.0,0,3695,21.947579975149427,39.459698,738.3901407792496,19521,465.8826018557827,0.0825116604416854,226.5018889175681,223.71218058521248
47.png,RetCam_ROP,1.0,0.0,0,3,195.15509266264303,106.34009,425.05764314972623,18840,451.802793054604,0.0491577596433592,283.55476546906186,212.5060878243513
13.png,RetCam_ROP,0.8879890441894531,0.0,0,2773,29.57038983260484,69.6465,714.0,23823,465.70219141851663,0.0526862649090055,306.2914709750141,216.37495303400337
25.png,RetCam_ROP,0.6253623962402344,0.0,0,5123,11.38645082553998,34.48912,690.2941402040148,18032,497.0199628901613,0.0526880845561698,218.16415141019297,205.4071416790368
19.png,RetCam_ROP,0.8789024353027344,0.0,0,1742,58.467864704322935,30.733477,672.2678037806064,22002,501.5489910011151,0.0578980739275164,243.1463394881762,220.1498218334953
26.png,RetCam_ROP,0.3872566223144531,0.0,0,4299,10.277718078199271,44.12299,793.095202355934,15108,493.8589618821237,0.0491351350594979,229.8900791413477,212.4672471757606
42.png,RetCam_ROP,0.954448699951172,0.0,0,2772,25.303689023767088,76.29414,522.1877057151002,16955,442.7734546471157,0.0704032625603639,262.04730607367384,227.6515301085884
48.png,RetCam_Vessels_images,0.9422760009765624,0.0,0,3396,23.032701197184444,106.81925,329.0379917273992,22129,464.2728389721987,0.0699164737156193,230.2662854712568,240.1305436760154
37.png,RetCam_Vessels_images,0.8340415954589844,0.0,0,2317,42.21034175746847,46.5373,684.3741666661593,16721,552.1914578958795,0.0418896722601079,197.3295640554535,184.8535994655086
35.png,RetCam_Vessels_images,0.9169464111328124,0.0,0,2488,31.68518683561814,32.878674,929.1555305760172,11646,677.0688728959757,0.0427972673220104,197.73444356800837,200.0942995856062
11.png,RetCam_Vessels_images,0.9746932983398438,0.0,0,2326,37.87632725009436,54.868294,710.416779081125,14698,551.7624136007593,0.0649697058199511,186.52045100958563,226.81720394131523
31.png,RetCam_Vessels_images,0.995624542236328,0.0,0,1909,42.53705316312931,63.539265,894.2057928687333,10159,458.7829286484614,0.0694084268753399,280.9097464188928,223.546626984127
4.png,RetCam_Vessels_images,0.6961784362792969,0.0,0,2734,30.647113948052173,63.12358,689.1676138647259,13686,467.0072248871269,0.0645092059447117,221.79422273077552,217.8223384629755
43.png,RetCam_Vessels_images,0.9978599548339844,0.0,0,721,122.3300070257811,78.456245,708.1016876127327,7469,449.8370975871932,0.0786968994872291,233.0710762106111,235.92595389107015
40.png,RetCam_Vessels_images,0.0026779174804687,0.0,0,37,4.302865558260518,88.00935,501.0229535660018,18910,463.1085854023544,0.0817403197487341,205.30999026382656,216.9019733561302
33.png,RetCam_Vessels_images,0.7703437805175781,0.0,0,1224,60.20762094653987,38.311886,432.8071163925104,30509,615.3381743167911,0.0347862236649697,312.2904123960939,233.4587469399833
9.png,RetCam_Vessels_images,0.9925270080566406,0.0,0,2298,53.71504474425707,73.14797,769.3438762997987,9274,465.1003178802668,0.0796373689248619,259.2123652116589,224.04233177944155
50.png,RetCam_Vessels_images,0.3811721801757812,0.0,0,4376,9.023354969407324,101.59324,843.8684731639167,8392,458.57196077438,0.0742594877001915,226.41775248244127,241.29852264470816
49.png,RetCam_Vessels_images,0.8560066223144531,0.0,0,1685,38.97482156751133,74.27813,529.8018497513953,28748,961.3075307156404,0.0784262953947375,260.93550253790323,279.3269568859569
14.png,RetCam_Vessels_images,0.8252029418945312,0.0,0,3834,22.35912988330581,88.05857,584.0,13990,450.2727752656698,0.0756793383933507,272.33060363234443,220.3544424627597
1.png,RetCam_Vessels_images,0.7523574829101562,0.0,0,2139,48.83764851763792,34.777195,641.8800510998921,22017,582.9167897586776,0.0521248893175657,339.0109265865284,230.5415779849516
39.png,RetCam_Vessels_images,0.0237617492675781,0.0,0,296,6.212505341902541,28.37939,453.4423888433899,28061,498.8354875756749,0.0577243043755411,258.12652735422336,227.89621154751427
20.png,RetCam_Vessels_images,0.58868408203125,0.0,0,3949,15.29673799873723,76.630745,850.3952022442271,7489,502.6444760871125,0.0667464690565699,216.8635099177552,205.95833333333331
38.png,RetCam_Vessels_images,0.1688194274902343,0.0,0,2721,6.138086933973808,92.84739,355.17038164801977,26476,462.21143396740246,0.0802561965115932,226.4777343377515,211.29078859540385
2.png,RetCam_Vessels_images,0.9687271118164062,0.0,0,3142,27.02045102453854,53.05517,853.2502563726541,9030,513.9466732965376,0.0420252280790036,248.9145457349992,255.68043344130805
10.png,RetCam_Vessels_images,0.7392921447753906,0.0,0,3529,23.31530053466087,77.38183,526.6213060634748,21745,472.1103914797456,0.070830961771323,209.6134494104744,211.806896078969
36.png,RetCam_Vessels_images,0.6361236572265625,0.0,0,4224,16.165891860642958,96.629906,575.0217387195027,20939,468.8900848031327,0.0520777130331773,229.67736106928584,221.61377377284623
18.png,RetCam_Vessels_images,0.9594764709472656,0.0,0,2922,30.008845965038237,27.509495,979.4090054721776,11991,529.2374967904485,0.04932593907028,243.37022692559455,213.38433704269403
21.png,RetCam_Vessels_images,0.5055694580078125,0.0,0,3980,13.331859971355,50.007557,879.3179174792243,16542,571.6507400446079,0.0608500168448878,331.3864316439125,218.0409731313509
12.png,RetCam_Vessels_images,0.7215576171875,0.0,0,2716,27.97763253094802,54.071144,809.7616933394664,13388,805.258050751995,0.0330239912691942,319.28862481444537,299.0959621743467
28.png,RetCam_Vessels_images,0.89239501953125,0.0,0,2212,35.16905510846986,60.395454,598.030099576936,20338,455.6808070498354,0.0767692727891724,262.2577076843835,218.1528537440828
22.png,RetCam_Vessels_images,0.6090583801269531,0.0,0,4127,16.15259879966753,74.66525,686.878446306186,10072,471.9323618096704,0.0732516507633564,233.70702705174816,217.63156570853627
34.png,RetCam_Vessels_images,0.5545310974121094,0.0,0,3796,14.01063056453942,108.97572,298.0067113338221,29288,471.3330412408949,0.0538138478275684,246.46882164144887,208.26031636863823
41.png,RetCam_Vessels_images,0.00103759765625,0.0,0,55,1.1522385406064706,87.377106,558.0143367333853,12281,454.05170089266,0.079398769671518,210.50778162055337,212.79360177865613
7.png,RetCam_Vessels_images,0.9065437316894532,0.0,0,2804,30.257527488777846,31.948105,811.2336284942828,18866,589.7527447636127,0.0484546395519192,179.7330434018626,239.76046974755465
29.png,RetCam_Vessels_images,0.9637832641601562,0.0,0,3055,30.82663312800112,32.8193,585.4519621625672,24813,778.8497735886453,0.0655325693654986,363.1480433559741,226.5219508509156
17.png,RetCam_Vessels_images,0.9974937438964844,0.0,0,1954,60.15881610167812,25.438583,942.969776822142,16540,533.111093692116,0.0404058301668179,299.763887893341,264.2563257114185
5.png,RetCam_Vessels_images,0.7950859069824219,0.0,0,2348,28.84495586534758,36.57666,845.7671074237873,20844,524.9037478647969,0.0613963280427679,286.43577515296033,242.23268452281928
3.png,RetCam_Vessels_images,0.7983551025390625,0.0,0,4313,18.917214146853293,93.91176,609.000821017509,17259,442.8424636801316,0.0710441789766971,283.84358281826206,220.34127149015737
16.png,RetCam_Vessels_images,0.8789024353027344,0.0,0,1742,58.467864704322935,30.733477,672.2678037806064,22002,501.5489910011151,0.0578980739275164,243.1463394881762,220.1498218334953
8.png,RetCam_Vessels_images,0.8887443542480469,0.0,0,2867,29.78548358695665,55.479454,1004.7964968091798,9753,513.1681873991063,0.0686475170436631,312.98839615525947,238.6853037306361
45.png,RetCam_Vessels_images,0.9492340087890624,0.0,0,2221,35.70011079886594,59.911766,802.2019695812271,12531,467.0944609258801,0.0477088212737314,235.9607133686594,250.28751838278205
24.png,RetCam_Vessels_images,0.6344184875488281,0.0,0,3724,20.07790672441983,44.473713,749.7946385511169,18245,707.7735276771818,0.0460002059341712,205.23331638877596,187.95229768198453
32.png,RetCam_Vessels_images,0.1696014404296875,0.0,0,1540,9.227213720260902,106.871086,412.23779545306127,24434,480.6789299563696,0.057822599872745,219.88895011792712,207.36279674653383
6.png,RetCam_Vessels_images,0.8805732727050781,0.0,0,2717,32.70438577053911,66.55136,545.7783432859901,20280,464.9634197846661,0.0676478792892553,223.4935098588895,217.27418784894812
23.png,RetCam_Vessels_images,0.8483657836914062,0.0,0,3519,21.180124686861117,90.56485,670.2984409947558,8589,475.2285108102672,0.0667274513312833,234.23964910698177,220.3191187082807
44.png,RetCam_Vessels_images,0.9282875061035156,0.0,0,2218,57.11663472429042,27.031334,672.5191447089071,23000,759.2675517555252,0.0325869417817517,240.36398893924536,290.81290362478245
46.png,RetCam_Vessels_images,0.8814888000488281,0.0,0,4021,20.82593084700665,64.42415,566.0388679233962,19265,476.10113386770206,0.0286106227072186,233.2292223695149,251.80045835486555
15.png,RetCam_Vessels_images,0.9551925659179688,0.0,0,3320,27.35756991310772,53.820305,656.4464943923457,16348,599.4359668878734,0.0570344246831678,196.73278244723824,230.6895808824572
30.png,RetCam_Vessels_images,0.9995460510253906,0.0,0,608,129.79174885875523,39.512615,919.7488787707218,11856,468.303183998746,0.0640896626698208,296.13018740855995,226.96890457722765
27.png,RetCam_Vessels_images,0.9326705932617188,0.0,0,2321,35.91984094133894,31.835966,900.2777349240622,15263,532.2553886092405,0.0721096353023846,282.4784719101124,240.04528539325844
47.png,RetCam_Vessels_images,0.792083740234375,0.0,0,3386,24.655331652756114,20.120226,590.9890015897081,24916,537.9801366155067,0.0515830641920568,197.72360456113185,244.57710987541356
13.png,RetCam_Vessels_images,0.7172927856445312,0.0,0,3630,20.782996710778992,68.13034,786.7668015365163,12210,540.8033065577963,0.0543677037990888,314.30089158221017,208.31938494758472
25.png,RetCam_Vessels_images,0.5236778259277344,0.0,0,3980,11.808177497670528,35.139366,1007.5574425311938,14768,562.0370433437772,0.0463781603186222,322.43128466400105,241.0743260673288
19.png,RetCam_Vessels_images,0.8299751281738281,0.0,0,2197,41.59012609874871,32.75493,932.1223095710134,16548,527.2900273139328,0.0712515046945349,292.30046526963656,218.74934056271985
26.png,RetCam_Vessels_images,0.8971443176269531,0.0,0,2695,28.730383233907563,38.65888,494.2428552847274,23770,483.25727857459486,0.0448216505005169,225.1111329189837,223.09427543343148
42.png,RetCam_Vessels_images,0.8966255187988281,0.0,0,3621,21.87169708462968,99.9871,677.1661539090683,10951,449.2479790884541,0.0766142179019476,282.9425153931563,220.6289492278187
48.png,RetCam_Vessels_masks,0.9296722412109376,0.0,0,3760,24.417177136897102,56.11496,1126.978260659894,7291,1224.8710483733507,0.1288275585066968,316.2756148480065,239.7800838467675
37.png,RetCam_Vessels_masks,0.6978569030761719,0.0,0,3974,18.252788247871354,39.437862,1126.978260659894,14625,1224.297116179665,0.0739668014845304,323.7221321808032,238.9887533170919
35.png,RetCam_Vessels_masks,0.995819091796875,0.0,0,867,98.64964798564512,35.624065,1126.978260659894,16550,1205.637102124323,0.0434459561538533,322.8382724960232,238.201572496724
11.png,RetCam_Vessels_masks,0.8998222351074219,0.0,0,3758,32.512005282452044,25.716852,1126.978260659894,19927,1220.925030210348,0.0575898172935704,320.08721172571666,238.8183402234446
31.png,RetCam_Vessels_masks,0.7735366821289062,0.0,0,3114,28.61304249430177,47.553688,1126.978260659894,12925,1199.0524655078314,0.0639457404645962,312.8656308781177,239.36406692242568
4.png,RetCam_Vessels_masks,1.0,0.0,0,3,195.15509266264303,33.43791,1126.978260659894,20538,1171.8422734258086,0.0307842920964249,327.29304602603565,229.36805251641135
43.png,RetCam_Vessels_masks,0.795867919921875,0.0,0,2953,34.452348325634006,74.85283,1126.978260659894,6642,1233.8216068113063,0.1492932310992064,320.8602436886513,238.04220055803495
40.png,RetCam_Vessels_masks,0.9996414184570312,0.0,0,665,131.22459895019205,27.598606,1126.978260659894,23473,1181.5697866829985,0.0246759755157658,313.6987213862289,241.2130269037848
33.png,RetCam_Vessels_masks,0.9896926879882812,0.0,0,487,118.63325128829288,32.714386,1126.978260659894,17723,1213.4709388372569,0.0532563061541717,313.60737668913663,239.47165432491605
9.png,RetCam_Vessels_masks,0.9908294677734376,0.0,0,2557,37.229130829308495,26.09147,1126.978260659894,22318,1187.5610448506693,0.0270074572354888,314.29508291442767,240.70800470907724
50.png,RetCam_Vessels_masks,0.8343276977539062,0.0,0,4738,23.88865090999784,115.072395,1126.978260659894,5651,1232.004039862275,0.1795770331115878,314.2117936019005,238.47252924241508
49.png,RetCam_Vessels_masks,0.9856338500976562,0.0,0,1037,109.50907778298,60.832775,1126.978260659894,12781,1203.783326722797,0.0629071256796949,311.1341796442542,235.4560308439561
14.png,RetCam_Vessels_masks,0.9921836853027344,0.0,0,1445,65.22577854732754,55.284206,1126.978260659894,10966,1211.6417592790026,0.0786164083611164,322.48082607127,240.6280771258881
1.png,RetCam_Vessels_masks,0.9916725158691406,0.0,0,976,110.61606509883588,27.263405,1126.978260659894,20133,1169.536565532729,0.031549090761696,310.57278549353987,240.3740626279927
39.png,RetCam_Vessels_masks,0.9719161987304688,0.0,0,2120,59.74539042176053,49.717415,1126.978260659894,18358,1211.704807935532,0.04269951621417,314.2458669515689,237.15073572771485
20.png,RetCam_Vessels_masks,0.8362312316894531,0.0,0,4200,16.435489036317673,72.667595,1126.978260659894,7681,1224.733828186117,0.1259852393847451,323.00812511247153,238.228216176206
38.png,RetCam_Vessels_masks,0.858184814453125,0.0,0,3829,26.623739153563807,57.824726,1126.978260659894,9184,1222.3945618785665,0.10053098933813,317.46725745155845,239.7944545748905
2.png,RetCam_Vessels_masks,0.95513916015625,0.0,0,3137,50.63975414576321,30.62334,1126.978260659894,14821,1206.8151029393791,0.0508982193806322,321.8468688366368,238.0256465848848
10.png,RetCam_Vessels_masks,0.9772987365722656,0.0,0,1679,71.99858498226001,26.61383,1126.978260659894,19455,1194.322054141438,0.0335099449872364,320.7675185843741,238.1827302784264
36.png,RetCam_Vessels_masks,0.985748291015625,0.0,0,837,111.809493270838,57.63742,1126.978260659894,18197,1193.140255869984,0.0361971594235965,313.91140526617056,231.4649076989124
18.png,RetCam_Vessels_masks,0.9977874755859376,0.0,0,1474,53.93370088685763,24.111515,1126.978260659894,22147,1185.6704175660143,0.0263478032366206,328.3489064634045,239.6957805463879
21.png,RetCam_Vessels_masks,0.9996223449707032,0.0,0,570,143.22591775781754,27.798422,1126.978260659894,20843,1186.6493702946814,0.0290457396839052,307.05333704658807,242.4778488681204
12.png,RetCam_Vessels_masks,0.9902801513671876,0.0,0,920,104.10941371502685,63.259933,1126.978260659894,13233,1198.2217943237567,0.0606479707760562,311.5522017977624,240.18137606152405
28.png,RetCam_Vessels_masks,0.9995994567871094,0.0,0,591,133.84794019662715,27.382145,1126.978260659894,21469,1188.084137189987,0.0282614148468337,323.5293480927709,237.21422953138304
22.png,RetCam_Vessels_masks,1.0,0.0,0,3,195.15509266264303,38.04409,1126.978260659894,11937,1205.6497749213115,0.0677261591442473,317.0819131641276,235.31856404075512
34.png,RetCam_Vessels_masks,0.7782135009765625,0.0,0,3896,21.51306873850779,90.77666,1126.978260659894,5963,1235.9620738615629,0.1895787638131703,316.07813458512254,240.09780158963005
41.png,RetCam_Vessels_masks,0.8746109008789062,0.0,0,4018,25.305280042491557,81.13836,1126.978260659894,10589,1218.4739621723818,0.0844843564675017,315.6298487904609,235.03845758037292
7.png,RetCam_Vessels_masks,1.0,0.0,0,3,195.15509266264303,22.146164,1126.978260659894,26138,1147.8517150601306,0.0195219370126232,325.0656080524772,231.0510662806384
29.png,RetCam_Vessels_masks,1.0,0.0,0,3,195.15509266264303,20.322786,1126.978260659894,23226,1188.1591520409788,0.0246951056163032,320.7799423502206,239.79790469387532
17.png,RetCam_Vessels_masks,1.0,0.0,0,3,195.15509266264303,19.080372,1126.978260659894,28444,1160.3183931479748,0.0169613142004729,310.2337745363208,236.8518798727459
5.png,RetCam_Vessels_masks,0.8834037780761719,0.0,0,2512,54.68243815975049,23.18256,1126.978260659894,27685,1219.0193019705498,0.0465395965853484,315.43242270638194,239.1603621944156
3.png,RetCam_Vessels_masks,0.9610443115234376,0.0,0,2032,61.82885459738436,27.9241,1126.978260659894,14903,1210.8975372150078,0.0521305460746748,320.7901299747831,238.14009280935875
16.png,RetCam_Vessels_masks,0.9993400573730468,0.0,0,658,134.61708451136766,16.4505,1126.978260659894,27089,1161.3296806669457,0.0184116482875266,319.84225909506296,234.61720679420276
8.png,RetCam_Vessels_masks,0.94635009765625,0.0,0,2736,41.02681652839827,26.030102,1126.978260659894,22455,1187.4538253497972,0.0256411223332203,308.6864683488525,238.65300763557292
45.png,RetCam_Vessels_masks,0.7687149047851562,0.0,0,3617,39.15578219295094,66.31692,1126.978260659894,13962,1211.6690807662967,0.0567830364775074,312.1048465148872,239.2338163312739
24.png,RetCam_Vessels_masks,1.0,0.0,0,3,195.15509266264303,33.32112,1126.978260659894,16097,1194.5416458629873,0.0447350889856363,324.933820406386,242.86269750907465
32.png,RetCam_Vessels_masks,0.8821067810058594,0.0,0,3711,23.92317207476646,55.011543,1126.978260659894,8190,1225.5319848311324,0.1149804563431315,322.266996266569,238.57476865274344
6.png,RetCam_Vessels_masks,0.6112327575683594,0.0,0,3313,18.878874421899678,56.425976,1126.978260659894,16245,1197.279953861741,0.0448249911642147,307.20342993572865,235.20430749334727
23.png,RetCam_Vessels_masks,0.8829536437988281,0.0,0,3721,35.86215340467997,73.072395,1126.978260659894,8822,1217.5268729835093,0.1016432717078659,314.51691558185,235.5023757743169
44.png,RetCam_Vessels_masks,0.9996223449707032,0.0,0,287,151.71633817390992,22.347332,1126.978260659894,24282,1183.4475993191004,0.0228092933353677,319.59836289123155,236.99527267570195
46.png,RetCam_Vessels_masks,0.4314956665039062,0.0,0,3142,20.06471745197342,111.47827,1126.978260659894,7123,1232.1776506348417,0.1411810388600282,317.0296568380799,235.58053738552883
15.png,RetCam_Vessels_masks,0.9896774291992188,0.0,0,1966,64.70535785215279,25.121857,1126.978260659894,21217,1169.6323645821212,0.0277663637952809,330.0157772863663,235.6301533054867
30.png,RetCam_Vessels_masks,1.0,0.0,0,3,195.15509266264303,28.604824,1126.978260659894,17863,1184.409039411693,0.0380601815457167,315.4123052235663,237.9711992274292
27.png,RetCam_Vessels_masks,1.0,0.0,0,3,195.15509266264303,19.452456,1126.978260659894,21084,1174.481737164678,0.0287321488471334,318.57793358587537,240.41687158015995
47.png,RetCam_Vessels_masks,1.0,0.0,0,3,195.15509266264303,19.525408,1126.978260659894,22617,1187.2243430846252,0.0259743066549343,321.5303463352062,238.05257718921067
13.png,RetCam_Vessels_masks,0.9389495849609376,0.0,0,2693,30.54477567724638,73.771255,1126.978260659894,8951,1219.4766977757115,0.1035084638233436,321.966999547939,245.26345223907177
25.png,RetCam_Vessels_masks,0.9998435974121094,0.0,0,272,154.12361127158965,25.016407,1126.978260659894,23615,1180.795828590136,0.0244999059670202,312.5598905634739,240.0886523527392
19.png,RetCam_Vessels_masks,0.9379005432128906,0.0,0,3239,25.593637603743627,26.098333,1126.978260659894,21630,1189.8147029059016,0.0297322964856476,322.7718985192327,239.01310961131657
26.png,RetCam_Vessels_masks,1.0,0.0,0,3,195.15509266264303,21.960209,1126.978260659894,20418,1178.151057821816,0.0300881752877471,313.5082427964967,243.37532701501792
42.png,RetCam_Vessels_masks,0.9911155700683594,0.0,0,1812,57.941533632358485,81.729836,1126.978260659894,5576,1234.807754852539,0.1788381354412059,321.7979484541592,237.9440785078695
48.png,Retcam_OpticDisc_images,0.9015617370605468,0.0,0,2174,34.48618046876807,36.350994,962.177738258374,12482,530.40062583704,0.0388242011922539,247.3033962127521,210.3657083891524
37.png,Retcam_OpticDisc_images,0.8491401672363281,0.0,0,3386,25.40237163451533,46.11205,743.194456384061,15348,716.2532864307644,0.0305962175996052,208.4298378850602,249.2215901758148
35.png,Retcam_OpticDisc_images,0.8919258117675781,0.0,0,1325,66.6813845245761,45.027058,771.0045395456501,14659,480.30264799738063,0.0746540724277893,226.16279583186156,217.2671096785588
11.png,Retcam_OpticDisc_images,0.9974937438964844,0.0,0,1954,60.15881610167812,25.438583,942.969776822142,16540,533.111093692116,0.0404058301668179,299.763887893341,264.2563257114185
31.png,Retcam_OpticDisc_images,0.8777961730957031,0.0,0,1673,58.57678213155776,33.007526,631.6660510111336,23270,609.7258197173151,0.0284728610679667,197.1650227409721,253.0424817798236
4.png,Retcam_OpticDisc_images,0.9065437316894532,0.0,0,2804,30.257527488777846,31.948105,811.2336284942828,18866,589.7527447636127,0.0484546395519192,179.7330434018626,239.76046974755465
43.png,Retcam_OpticDisc_images,0.8560066223144531,0.0,0,1685,38.97482156751133,74.27813,529.8018497513953,28748,961.3075307156404,0.0784262953947375,260.93550253790323,279.3269568859569
40.png,Retcam_OpticDisc_images,0.0101737976074218,0.0,0,280,3.552887114439361,70.24275,1013.7070582766996,6899,494.3073553902032,0.0501249046133433,288.06642904785724,239.122331999333
33.png,Retcam_OpticDisc_images,0.8957405090332031,0.0,0,2601,34.59639384156333,30.848959,462.4824320987771,24340,488.420066235592,0.0700203752152145,204.3135994876174,237.45072587532024
9.png,Retcam_OpticDisc_images,0.9551925659179688,0.0,0,3320,27.35756991310772,53.820305,656.4464943923457,16348,599.4359668878734,0.0570344246831678,196.73278244723824,230.6895808824572
50.png,Retcam_OpticDisc_images,0.4553718566894531,0.0,0,3673,12.11586172145407,45.63129,684.2368011149357,17452,468.5586848813856,0.0739389496069318,238.6899183446228,224.1119977730352
49.png,Retcam_OpticDisc_images,0.8005828857421875,0.0,0,2855,29.222874574262782,27.330439,844.2191658568289,18102,585.5233323904085,0.0435079616383625,205.90198466932085,250.09345475072791
14.png,Retcam_OpticDisc_images,0.5055694580078125,0.0,0,3980,13.331859971355,50.007557,879.3179174792243,16542,571.6507400446079,0.0608500168448878,331.3864316439125,218.0409731313509
1.png,Retcam_OpticDisc_images,0.7523574829101562,0.0,0,2139,48.83764851763792,34.777195,641.8800510998921,22017,582.9167897586776,0.0521248893175657,339.0109265865284,230.5415779849516
39.png,Retcam_OpticDisc_images,0.792083740234375,0.0,0,3386,24.655331652756114,20.120226,590.9890015897081,24916,537.9801366155067,0.0515830641920568,197.72360456113185,244.57710987541356
20.png,Retcam_OpticDisc_images,0.7703437805175781,0.0,0,1224,60.20762094653987,38.311886,432.8071163925104,30509,615.3381743167911,0.0347862236649697,312.2904123960939,233.4587469399833
38.png,Retcam_OpticDisc_images,0.9282875061035156,0.0,0,2218,57.11663472429042,27.031334,672.5191447089071,23000,759.2675517555252,0.0325869417817517,240.36398893924536,290.81290362478245
2.png,Retcam_OpticDisc_images,0.9687271118164062,0.0,0,3142,27.02045102453854,53.05517,853.2502563726541,9030,513.9466732965376,0.0420252280790036,248.9145457349992,255.68043344130805
10.png,Retcam_OpticDisc_images,0.8789024353027344,0.0,0,1742,58.467864704322935,30.733477,672.2678037806064,22002,501.5489910011151,0.0578980739275164,243.1463394881762,220.1498218334953
36.png,Retcam_OpticDisc_images,0.8678512573242188,0.0,0,3115,48.07071251612605,43.472378,829.7288713790789,9836,726.5114636334874,0.0629120531157436,396.2378783639048,259.26719221899515
18.png,Retcam_OpticDisc_images,0.9326705932617188,0.0,0,2321,35.91984094133894,31.835966,900.2777349240622,15263,532.2553886092405,0.0721096353023846,282.4784719101124,240.04528539325844
21.png,Retcam_OpticDisc_images,0.9169464111328124,0.0,0,2488,31.68518683561814,32.878674,929.1555305760172,11646,677.0688728959757,0.0427972673220104,197.73444356800837,200.0942995856062
12.png,Retcam_OpticDisc_images,0.9594764709472656,0.0,0,2922,30.008845965038237,27.509495,979.4090054721776,11991,529.2374967904485,0.04932593907028,243.37022692559455,213.38433704269403
28.png,Retcam_OpticDisc_images,0.9755134582519532,0.0,0,3065,30.25111601748699,42.7849,632.5345840347387,19452,788.2776423926985,0.0172645059260803,274.94757720805194,224.07737197560812
22.png,Retcam_OpticDisc_images,0.9590988159179688,0.0,0,2461,35.69070380902199,46.738873,1014.5678883150206,7838,596.5573221994981,0.054503292201566,191.67769079954775,224.4690670750032
34.png,Retcam_OpticDisc_images,0.0536651611328125,0.0,0,778,6.748495655399501,40.655373,628.6763873408958,20689,532.814859787628,0.0584532359365284,221.8182160668796,252.70896272110795
41.png,Retcam_OpticDisc_images,0.8800468444824219,0.0,0,1945,45.74038504668098,35.40407,837.1475377733605,14478,493.1881888975309,0.0416912190515642,245.8383131975125,223.31200402018467
7.png,Retcam_OpticDisc_images,0.7215576171875,0.0,0,2716,27.97763253094802,54.071144,809.7616933394664,13388,805.258050751995,0.0330239912691942,319.28862481444537,299.0959621743467
29.png,Retcam_OpticDisc_images,0.913837432861328,0.0,0,1636,56.75966831898854,57.940605,416.8860755650157,23815,475.2820920976653,0.0702405179501547,211.7950128511521,216.3874058709474
17.png,Retcam_OpticDisc_images,0.5236778259277344,0.0,0,3980,11.808177497670528,35.139366,1007.5574425311938,14768,562.0370433437772,0.0463781603186222,322.43128466400105,241.0743260673288
5.png,Retcam_OpticDisc_images,0.8887443542480469,0.0,0,2867,29.78548358695665,55.479454,1004.7964968091798,9753,513.1681873991063,0.0686475170436631,312.98839615525947,238.6853037306361
3.png,Retcam_OpticDisc_images,0.7950859069824219,0.0,0,2348,28.84495586534758,36.57666,845.7671074237873,20844,524.9037478647969,0.0613963280427679,286.43577515296033,242.23268452281928
16.png,Retcam_OpticDisc_images,0.7988777160644531,0.0,0,1597,54.53942779772707,21.278145,460.03695503731,30902,543.2697483090602,0.0573093735915822,202.67790029507688,218.03087090818104
8.png,Retcam_OpticDisc_images,0.7172927856445312,0.0,0,3630,20.782996710778992,68.13034,786.7668015365163,12210,540.8033065577963,0.0543677037990888,314.30089158221017,208.31938494758472
45.png,Retcam_OpticDisc_images,0.1731681823730468,0.0,0,2379,7.511528418344471,40.91753,934.2216011204196,9056,562.6664725016834,0.0853706377700837,321.56252111384583,229.63859530588937
24.png,Retcam_OpticDisc_images,0.006439208984375,0.0,0,236,2.1174938341254044,29.287722,907.2122133216682,14110,467.1762299179216,0.0572038848811119,218.45174312782936,221.58699304615672
32.png,Retcam_OpticDisc_images,0.1005287170410156,0.0,0,945,9.079978221726616,61.426693,744.017472913103,10729,478.11330759933065,0.0800866280338214,271.6292442741289,221.13091524819532
6.png,Retcam_OpticDisc_images,0.9746932983398438,0.0,0,2326,37.87632725009436,54.868294,710.416779081125,14698,551.7624136007593,0.0649697058199511,186.52045100958563,226.81720394131523
23.png,Retcam_OpticDisc_images,0.8340415954589844,0.0,0,2317,42.21034175746847,46.5373,684.3741666661593,16721,552.1914578958795,0.0418896722601079,197.3295640554535,184.8535994655086
44.png,Retcam_OpticDisc_images,0.8747062683105469,0.0,0,2570,32.18751368909373,48.82142,999.2847442045736,9934,558.706094244059,0.0329552952653109,206.9992821131977,220.2806937397008
46.png,Retcam_OpticDisc_images,0.8181343078613281,0.0,0,1421,63.21911987489152,28.135986,771.6229649252282,26809,701.9969560849081,0.0227996903345415,280.8987711991401,262.8304275482891
15.png,Retcam_OpticDisc_images,0.6344184875488281,0.0,0,3724,20.07790672441983,44.473713,749.7946385511169,18245,707.7735276771818,0.0460002059341712,205.23331638877596,187.95229768198453
30.png,Retcam_OpticDisc_images,0.9210052490234376,0.0,0,1799,65.77538617653518,47.616955,657.7932805980919,16827,475.65699210803103,0.0569990070326265,274.8882360886008,215.90104448046105
27.png,Retcam_OpticDisc_images,0.907501220703125,0.0,0,1541,52.95056027385976,30.43059,502.0478064885853,27274,802.3275777295596,0.0203211020680184,235.09055666318557,250.85286717934116
47.png,Retcam_OpticDisc_images,0.6565818786621094,0.0,0,2956,22.53251166804693,44.96142,1013.6113653664308,8005,522.8135159935766,0.0667843001374849,336.6284633587359,242.232722800872
13.png,Retcam_OpticDisc_images,0.8299751281738281,0.0,0,2197,41.59012609874871,32.75493,932.1223095710134,16548,527.2900273139328,0.0712515046945349,292.30046526963656,218.74934056271985
25.png,Retcam_OpticDisc_images,0.0237617492675781,0.0,0,296,6.212505341902541,28.37939,453.4423888433899,28061,498.8354875756749,0.0577243043755411,258.12652735422336,227.89621154751427
19.png,Retcam_OpticDisc_images,0.9995460510253906,0.0,0,608,129.79174885875523,39.512615,919.7488787707218,11856,468.303183998746,0.0640896626698208,296.13018740855995,226.96890457722765
26.png,Retcam_OpticDisc_images,0.6454391479492188,0.0,0,3302,18.03037602679256,29.87069,781.265639843453,22434,550.944922351466,0.0420713108565508,263.7389765100671,277.32169463087246
42.png,Retcam_OpticDisc_images,0.8390045166015625,0.0,0,1763,45.79696269844446,53.21874,675.4331943279069,17814,467.8353104886104,0.0672125760791335,264.3524607329843,217.35483420593368
48.png,Retcam_OpticDisc_masks,0.0091476440429687,0.0,0,203,3.4440345774342838,247.63164,1126.978260659894,440,1246.127105412063,0.653010861138989,321.062165051919,239.2540390556842
37.png,Retcam_OpticDisc_masks,0.0004463195800781,0.0,0,24,1.3209670528784312,250.52135,1069.14545315406,376,1247.095355223274,0.6572688099227502,320.74511743054376,239.64351021049737
35.png,Retcam_OpticDisc_masks,0.000579833984375,0.0,0,25,1.7644903964173348,231.98456,1069.14545315406,352,1247.397523979404,0.6644916530709398,320.4598062319979,239.43338570306364
11.png,Retcam_OpticDisc_masks,0.0198097229003906,0.0,0,430,3.764363402708137,239.87164,1126.978260659894,440,1246.1066700972503,0.6528586423476035,318.0146644013539,239.6483626774422
31.png,Retcam_OpticDisc_masks,0.0038070678710937,0.0,0,116,2.423182578869736,242.04799,1126.978260659894,424,1246.1904527584031,0.6465696172706878,320.91845970701377,239.9416716678309
4.png,Retcam_OpticDisc_masks,0.0213050842285156,0.0,0,357,5.019606523413318,208.65034,1126.978260659894,416,1246.353914905597,0.6567606556497021,320.3688776396762,239.1961515889695
43.png,Retcam_OpticDisc_masks,0.0119400024414062,0.0,0,325,3.1587509726101817,242.32329,1126.978260659894,472,1245.348282921878,0.6452126625301396,317.6995274483855,239.53866286611256
40.png,Retcam_OpticDisc_masks,0.043487548828125,0.0,0,493,8.301153096012028,307.49408,1126.978260659894,416,1246.3436991494818,0.6567498893992695,317.40372913142124,239.2188266383392
33.png,Retcam_OpticDisc_masks,0.00335693359375,0.0,0,94,2.5423849614125165,234.85506,1126.978260659894,356,1247.5057152628326,0.6652552640381726,320.4571117212581,239.49805447470817
9.png,Retcam_OpticDisc_masks,0.007659912109375,0.0,0,190,3.2660173171399096,239.59203,1126.978260659894,468,1245.3707754385591,0.6447440149635224,321.24705445804653,239.4730074081858
50.png,Retcam_OpticDisc_masks,0.0223846435546875,0.0,0,305,9.284435363451449,254.9542,1126.978260659894,352,1247.6894148182616,0.6741061850852746,318.51614359605185,239.91660750565163
49.png,Retcam_OpticDisc_masks,0.0072441101074218,0.0,0,167,3.497849213490958,248.25688,1126.978260659894,336,1247.9179809448926,0.6777560661062704,320.4361769274794,239.5615828632164
14.png,Retcam_OpticDisc_masks,0.0296783447265625,0.0,0,445,6.362097688054528,289.0727,1126.978260659894,420,1246.5520840076704,0.659658584603002,317.653546636251,239.63860101079624
1.png,Retcam_OpticDisc_masks,0.0116195678710937,0.0,0,262,3.315002744156082,257.27948,1126.978260659894,428,1246.362087450202,0.6566373569480654,317.8928570257661,239.521659732536
39.png,Retcam_OpticDisc_masks,0.0042686462402343,0.0,0,103,2.7935118066619813,198.20013,1126.978260659894,372,1247.209697956797,0.6605333403067422,319.02410388045627,239.68987126262164
20.png,Retcam_OpticDisc_masks,0.0245437622070312,0.0,0,440,4.214285038965025,282.67996,1126.978260659894,444,1245.8348485345311,0.650868486460085,317.3868156387918,239.4076487670424
38.png,Retcam_OpticDisc_masks,0.0232200622558593,0.0,0,331,8.663966233532065,212.96852,1126.978260659894,396,1246.707328511975,0.6622849106377403,318.58740030539155,239.48467799542567
2.png,Retcam_OpticDisc_masks,0.0212020874023437,0.0,0,339,7.332794097556495,237.77802,1126.978260659894,348,1247.7710503841215,0.6755199383027045,320.3978338452681,239.47550400225052
10.png,Retcam_OpticDisc_masks,0.0128822326660156,0.0,0,229,4.101934286351782,212.216,1126.978260659894,412,1246.6685191982936,0.6602354899207481,320.4029387573199,239.5635807748646
36.png,Retcam_OpticDisc_masks,0.0031852722167968,0.0,0,92,2.4765564886697637,234.37442,1126.978260659894,400,1246.8666382991498,0.6554152299435039,320.6471106597655,239.66617965013432
18.png,Retcam_OpticDisc_masks,0.0087242126464843,0.0,0,158,4.101497400802941,219.88104,1126.978260659894,432,1246.2027131631785,0.6546179783934739,320.6387098889928,239.7466214111204
21.png,Retcam_OpticDisc_masks,0.0170478820800781,0.0,0,287,4.965675163164815,216.99747,1126.978260659894,436,1246.0187944245315,0.6530281714560299,320.6710885860027,239.5523561154029
12.png,Retcam_OpticDisc_masks,0.0081062316894531,0.0,0,167,3.1873366147265165,251.76219,1126.978260659894,468,1245.2869376296785,0.6445288196778838,321.4506432130107,239.6577719245813
28.png,Retcam_OpticDisc_masks,0.0082626342773437,0.0,0,171,3.558188764722785,262.69156,1126.978260659894,372,1247.197447451049,0.6678311787830183,320.7625252928735,239.0958968247212
22.png,Retcam_OpticDisc_masks,0.0062522888183593,0.0,0,166,3.1488637369574866,226.93027,1126.978260659894,344,1247.66288210927,0.6738837556884943,320.32185506298055,239.43328971045312
34.png,Retcam_OpticDisc_masks,0.0045967102050781,0.0,0,107,3.1410925826252245,213.87354,1069.14545315406,352,1247.471013420508,0.6648939840504919,318.785473039312,239.61355038029035
41.png,Retcam_OpticDisc_masks,0.0076103210449218,0.0,0,173,3.3796011449192043,255.76888,1126.978260659894,408,1246.6113243232855,0.6596662821824772,320.8561292542645,238.9061235190981
7.png,Retcam_OpticDisc_masks,0.012420654296875,0.0,0,344,3.116272462044401,245.68633,1126.978260659894,420,1246.5439127087143,0.6580500421342665,318.09965191968587,239.6414215573808
29.png,Retcam_OpticDisc_masks,0.0011787414550781,0.0,0,52,1.616421861845739,230.55232,1126.978260659894,428,1245.9390878731529,0.6527596515511239,320.90170141007724,239.31269069506504
17.png,Retcam_OpticDisc_masks,0.0140457153320312,0.0,0,290,3.894621891039975,265.3679,1126.978260659894,444,1245.8062322883736,0.6498965703172087,317.62495364916435,239.92880839795103
5.png,Retcam_OpticDisc_masks,0.0122756958007812,0.0,0,169,5.576909093576029,290.7055,1126.978260659894,408,1246.8053677130424,0.6608346832628953,317.90187399665825,238.82059758215115
3.png,Retcam_OpticDisc_masks,0.0126419067382812,0.0,0,197,4.704330161504171,232.75475,1126.978260659894,424,1246.3110081672037,0.6545460759684327,318.2418455808097,239.890071084764
16.png,Retcam_OpticDisc_masks,0.0126380920410156,0.0,0,182,4.942623725325305,227.93164,1126.978260659894,396,1246.938116844491,0.6638222697655827,318.4793396550877,239.761027858301
8.png,Retcam_OpticDisc_masks,0.0078392028808593,0.0,0,150,3.8398461261228927,238.2433,1126.978260659894,444,1246.053536710283,0.6515419652730959,320.8747334859707,240.0371282744324
45.png,Retcam_OpticDisc_masks,0.0087966918945312,0.0,0,222,3.355583983780449,242.06146,1126.978260659894,455,1245.7735272021516,0.6413486142219693,317.8549380589056,239.4249930264993
24.png,Retcam_OpticDisc_masks,0.0045852661132812,0.0,0,119,2.6906185591317997,206.96582,1126.978260659894,436,1245.689716499399,0.6447330458609702,318.45265258431687,239.2563967914298
32.png,Retcam_OpticDisc_masks,0.0048751831054687,0.0,0,115,3.155463998638752,238.70839,1069.14545315406,360,1247.2178648937806,0.6617727825441605,318.4218680426412,239.69235705492548
6.png,Retcam_OpticDisc_masks,0.0198440551757812,0.0,0,289,5.190109120955528,214.36563,1126.978260659894,388,1247.0320538446144,0.6648383882746902,320.3171961839386,239.69355245446891
23.png,Retcam_OpticDisc_masks,0.0030670166015625,0.0,0,71,3.626559455107041,302.8688,1126.978260659894,403,1247.5955273137624,0.6672788949322997,320.94230687429035,239.2717878913804
44.png,Retcam_OpticDisc_masks,0.0089607238769531,0.0,0,196,3.177938938942592,254.74646,1126.978260659894,432,1246.1761488003776,0.654907160197718,321.1236381763205,239.77982893986004
46.png,Retcam_OpticDisc_masks,0.0080337524414062,0.0,0,160,3.648517987446447,254.66104,1126.978260659894,464,1245.4648306526644,0.6473293567175042,317.5672775745796,239.51992619199277
15.png,Retcam_OpticDisc_masks,0.0079307556152343,0.0,0,170,3.461221835971052,235.62047,1126.978260659894,408,1246.6971156518214,0.6613630109935125,320.7271452304728,239.60697234719524
30.png,Retcam_OpticDisc_masks,0.006011962890625,0.0,0,128,3.3401563215751886,208.89134,1069.14545315406,384,1247.103522909057,0.657013486467926,318.80965105312794,239.75400817353037
27.png,Retcam_OpticDisc_masks,0.0025901794433593,0.0,0,77,2.632262977004388,223.3,1126.978260659894,412,1246.323267386044,0.6574979382857531,318.3503282031777,239.7757824744093
47.png,Retcam_OpticDisc_masks,0.0171279907226562,0.0,0,288,5.075421534769894,269.54663,1126.978260659894,448,1246.0698856860463,0.6514286868757765,317.7142552563388,240.01189031390427
13.png,Retcam_OpticDisc_masks,0.0134620666503906,0.0,0,296,3.5558990796707417,233.2275,1126.978260659894,380,1247.1280256454538,0.665858860855708,320.5588104313202,239.51241044179864
25.png,Retcam_OpticDisc_masks,0.0240859985351562,0.0,0,333,8.41405908776475,214.50856,1126.978260659894,364,1247.424062332563,0.6699808953877612,318.75998010034925,239.45357457295935
19.png,Retcam_OpticDisc_masks,0.0314407348632812,0.0,0,406,10.369570092392271,204.19981,1126.978260659894,460,1245.50367747272,0.6459417404981039,318.43866077027377,239.53719553633863
26.png,Retcam_OpticDisc_masks,0.0103378295898437,0.0,0,192,3.874836805225389,261.98456,1126.978260659894,432,1245.898210740591,0.6522706031710879,317.6842637129002,239.84849369721707
42.png,Retcam_OpticDisc_masks,0.0089302062988281,0.0,0,188,4.130629837373633,306.56116,1126.978260659894,454,1246.472411557868,0.6561171292592445,321.42110749441923,238.8286933689976
48.png,RetCam_Ridge_images,0.0030937194824218,0.0,0,86,2.8352286381297507,61.980507,692.0722505634798,22204,458.2108694987804,0.0610072009981629,277.8492419648272,224.7804244996968
37.png,RetCam_Ridge_images,0.1895408630371093,0.0,0,2018,8.730149998226223,107.038086,525.0009523800885,18784,455.0153139074501,0.0796337012991775,224.44202007281316,212.5451884286136
35.png,RetCam_Ridge_images,0.0411872863769531,0.0,0,915,4.127951945914779,51.725895,625.0647966411162,17483,471.5653008514151,0.0690101623525989,218.94480452557085,217.3251494400293
11.png,RetCam_Ridge_images,0.0615310668945312,0.0,0,1040,5.310315771509124,110.20414,506.067189215029,21722,634.0607429003912,0.0481099120988443,209.75839572328,308.712588201016
31.png,RetCam_Ridge_images,0.7661170959472656,0.0,0,3519,22.04347343016392,66.35181,821.690939465685,8053,512.9895145751444,0.0351093666013354,219.1280215207757,258.5621915581274
4.png,RetCam_Ridge_images,0.1955947875976562,0.0,0,2030,11.309927408986349,58.557358,519.0086704478067,26617,460.7823059991093,0.0766295897276235,237.6073304708676,211.81352395116215
43.png,RetCam_Ridge_images,0.8042449951171875,0.0,0,3908,20.14324873106179,64.127396,774.2208987104391,14062,454.376868533045,0.0796293856740475,225.95172430805664,232.73602545759533
40.png,RetCam_Ridge_images,0.6723289489746094,0.0,0,4044,17.950377643898303,69.64243,605.5163086160438,13051,457.0701745904512,0.0770689087181009,269.76967333008287,217.5331301803998
33.png,RetCam_Ridge_images,0.2774238586425781,0.0,0,2393,11.819885348054177,77.01516,350.36552341804406,23597,462.0626578932461,0.0814067231398852,213.55611745903008,219.4894921399776
9.png,RetCam_Ridge_images,0.3972663879394531,0.0,0,2977,12.116698895063422,70.3415,483.8925500563116,21542,464.96889648236754,0.057171969304572,244.68329799764427,238.970765606596
50.png,RetCam_Ridge_images,1.0,0.0,0,3,195.15509266264303,66.523056,418.7791780879274,22723,448.1299297679288,0.0762376010679017,274.750297988892,221.2051685222287
49.png,RetCam_Ridge_images,0.273284912109375,0.0,0,2104,15.435174639922597,150.24521,475.0263150605449,28648,437.19996959494586,0.069717145260398,243.99464442727344,219.84503477125577
14.png,RetCam_Ridge_images,0.9330711364746094,0.0,0,2264,34.389440923607765,71.198326,525.0238089839355,15204,453.9900048938844,0.0798573723027795,212.09980478885072,238.30556722429515
1.png,RetCam_Ridge_images,0.9761695861816406,0.0,0,3777,24.763957250588376,57.494167,818.3520025025906,9981,526.9132017389303,0.0430694283612253,224.90661114576076,236.67977033422608
39.png,RetCam_Ridge_images,0.4757194519042969,0.0,0,4395,10.963107738253132,79.271835,504.525519671701,21368,639.1767511402938,0.030824183434139,187.8082101274028,215.9279712782667
20.png,RetCam_Ridge_images,0.4098434448242187,0.0,0,1976,18.92892579053319,105.095955,449.250486922385,18696,466.6035460554644,0.0719345994972611,233.4040562352336,221.3284287351751
38.png,RetCam_Ridge_images,0.9664382934570312,0.0,0,2329,35.76783928925752,77.25701,999.8579899165682,5661,456.6744403504982,0.078367290626601,274.2867225084861,258.21746562797625
2.png,RetCam_Ridge_images,0.9447021484375,0.0,0,1961,55.784407169637056,63.686466,591.9814186273079,17928,465.5435911972362,0.0653116004203336,301.7510985783104,226.0138409117613
10.png,RetCam_Ridge_images,0.9398536682128906,0.0,0,3480,23.31608045033131,64.00672,696.3117118072911,11347,518.2541224947402,0.0431070848496473,201.57991542939493,270.6339002977037
36.png,RetCam_Ridge_images,0.8495330810546875,0.0,0,2946,26.519612302660764,79.88358,675.2673544604389,19132,453.6252663398701,0.0653645402133857,261.4222354222354,218.42975942975943
18.png,RetCam_Ridge_images,0.0398483276367187,0.0,0,371,10.72747814879411,131.15866,366.546040764322,27976,464.9798496842509,0.058856277109405,216.3886742674079,238.68974371054367
21.png,RetCam_Ridge_images,0.6361236572265625,0.0,0,4224,16.165891860642958,96.629906,575.0217387195027,20939,468.8900848031327,0.0520777130331773,229.67736106928584,221.61377377284623
12.png,RetCam_Ridge_images,0.4628028869628906,0.0,0,3182,14.029652036034475,99.32215,396.23225512317896,30050,473.9890970767249,0.058718815448531,332.9306100242559,225.22913880262053
28.png,RetCam_Ridge_images,0.5116996765136719,0.0,0,2515,19.89469638559284,105.63339,575.127811881846,13560,451.41936451128606,0.077330072899587,243.5792512246326,237.53793861841447
22.png,RetCam_Ridge_images,0.0026779174804687,0.0,0,37,4.302865558260518,88.00935,501.0229535660018,18910,463.1085854023544,0.0817403197487341,205.30999026382656,216.9019733561302
34.png,RetCam_Ridge_images,0.9828224182128906,0.0,0,2222,55.6466512505648,105.02947,328.219438790575,21383,454.326426739944,0.0708553859544435,271.66984134817045,218.7332527326112
41.png,RetCam_Ridge_images,0.916748046875,0.0,0,3772,25.801953499356983,91.37044,255.0019607767752,34923,486.4034120403649,0.046677430138787,288.9154647608387,221.30942437680287
7.png,RetCam_Ridge_images,0.9785919189453124,0.0,0,1932,65.40809152591129,46.764526,1024.1191336949037,8944,465.5326512592447,0.0727323760254178,276.31382041219183,226.14264564190535
29.png,RetCam_Ridge_images,0.4383468627929687,0.0,0,3555,12.21466513545338,68.86685,447.2694937059759,16147,467.916950016409,0.0563280918717711,229.9629913933473,219.59420795533845
17.png,RetCam_Ridge_images,0.9296760559082032,0.0,0,3105,31.07849157949242,95.58051,771.0784655273418,9121,453.3051771662424,0.0793774563190633,227.18355763749477,237.33333333333331
5.png,RetCam_Ridge_images,0.1390571594238281,0.0,0,819,15.845138484214711,84.531845,363.0013774078551,29018,501.4779047572599,0.0484429158736732,199.49576734578156,216.3957835473288
3.png,RetCam_Ridge_images,0.963764190673828,0.0,0,1969,53.605007365080205,50.645397,603.0655022466465,19419,540.4406152428473,0.0383742286772345,236.6417897435003,233.43371288078256
16.png,RetCam_Ridge_images,0.1924324035644531,0.0,0,2236,10.866530997933966,52.018257,590.0305076858315,15928,497.2709507523091,0.0378853124575387,213.36790723539224,243.89683438716452
8.png,RetCam_Ridge_images,0.8883171081542969,0.0,0,4410,21.883196076333338,52.45625,653.0007656963352,17888,498.5801798667033,0.0491176722073353,209.9730582474544,249.98047491241368
45.png,RetCam_Ridge_images,0.7158050537109375,0.0,0,4002,17.954103667890536,78.3732,722.8125621487219,12193,503.40382702928366,0.0703755106443895,263.8668555810121,229.34338196872864
24.png,RetCam_Ridge_images,0.9871368408203124,0.0,0,532,120.46418861158077,77.049934,550.2944666267325,14778,451.802793054604,0.0730609707319879,290.9050648702595,222.2179391217565
32.png,RetCam_Ridge_images,0.0741386413574218,0.0,0,1161,8.391786209584238,110.17934,485.0505128334574,23687,457.1704471500388,0.0810801575739369,204.9328670987865,238.61857302987477
6.png,RetCam_Ridge_images,0.0393257141113281,0.0,0,802,4.714119724560432,74.20837,682.2814668448792,13140,521.1792700363482,0.0384714410576068,214.04910563617955,249.2973337833277
23.png,RetCam_Ridge_images,0.8966255187988281,0.0,0,3621,21.87169708462968,99.9871,677.1661539090683,10951,449.2479790884541,0.0766142179019476,282.9425153931563,220.6289492278187
44.png,RetCam_Ridge_images,0.6309967041015625,0.0,0,3565,16.603897183531895,77.584076,671.0901578774643,24057,457.4822656730937,0.0577236700690276,289.8790577699908,225.80196622377963
46.png,RetCam_Ridge_images,0.1757659912109375,0.0,0,1446,11.122409634074687,88.64662,501.0089819554137,13968,474.60116032307394,0.0767756111095577,205.7411083727135,211.60815791258733
15.png,RetCam_Ridge_images,0.0005531311035156,0.0,0,25,1.260358819279087,93.94928,576.1249864395746,19652,446.832451248799,0.0777923388536237,217.9728847282096,236.99515343213528
30.png,RetCam_Ridge_images,0.6624832153320312,0.0,0,3007,25.21634893323913,92.76372,390.1845717093386,24210,450.4593652765512,0.0683418655263612,311.5173937051353,222.1259474925957
27.png,RetCam_Ridge_images,0.8980979919433594,0.0,0,4430,17.680518965812492,90.67558,882.0566875207057,7454,451.52089198950057,0.0773766897649253,275.2255308518611,217.2677242068449
47.png,RetCam_Ridge_images,0.2980613708496094,0.0,0,2137,15.95767171625321,52.204292,401.00124688085447,30095,475.0945311540333,0.0566453639083181,228.8816083395384,223.49272321126375
13.png,RetCam_Ridge_images,0.2976799011230469,0.0,0,3056,8.326612416947716,103.47166,844.5412956155549,12182,461.79253444442224,0.0806319264485357,245.4113011081391,222.63099445930456
25.png,RetCam_Ridge_images,0.7519378662109375,0.0,0,4382,19.793541570293005,62.184246,809.119274272959,13514,464.47573506042914,0.0660093532880233,226.3,236.06650141643055
19.png,RetCam_Ridge_images,0.3951530456542969,0.0,0,2359,22.889363755898145,81.72099,386.6833329741534,24045,465.3575772744389,0.0490561841143687,226.70435784671105,230.15220714470496
26.png,RetCam_Ridge_images,0.6439628601074219,0.0,0,3337,21.96687800898295,105.683624,499.799959983992,13358,461.7098119987476,0.0584277704782556,223.8729244809709,241.30241058843205
42.png,RetCam_Ridge_images,0.7213973999023438,0.0,0,3619,20.24942481473281,64.44475,559.2173101755703,18644,454.8977728770912,0.0768545295270512,223.82813615219905,232.75530998498684
48.png,RetCam_Ridge_masks,0.7952461242675781,0.0,0,4399,21.49302711297257,150.29736,1126.978260659894,3013,1211.1582772072195,0.3083994897483968,327.45168144542504,234.06432405407844
37.png,RetCam_Ridge_masks,0.3151016235351562,0.0,0,2762,10.274830460546772,178.53094,1126.978260659894,2034,1230.8460089128776,0.388103207506409,324.7500554685241,238.21346977469693
35.png,RetCam_Ridge_masks,0.8316917419433594,0.0,0,5539,14.427848470211798,146.22784,1126.978260659894,2873,1220.4076678576555,0.3116264809677713,324.7310782992867,239.4760602102297
11.png,RetCam_Ridge_masks,0.0810165405273437,0.0,0,678,12.587027057634202,193.84645,1126.978260659894,1484,1240.4741828304088,0.4543192171050417,322.2693007830859,239.4174086013676
31.png,RetCam_Ridge_masks,0.0399360656738281,0.0,0,476,7.038898735142082,243.03513,1126.978260659894,1259,1244.0245985649542,0.4989564239364469,316.93843090795406,239.4663671964985
4.png,RetCam_Ridge_masks,0.5644607543945312,0.0,0,3231,17.38122902809728,159.3917,1126.978260659894,2591,1212.4233308837645,0.3291543714026193,329.23406253031584,236.44434358412903
43.png,RetCam_Ridge_masks,0.0813446044921875,0.0,0,946,9.31968478816907,177.11592,1126.978260659894,1489,1243.914057358077,0.463751491621131,320.6088718171525,240.3690885272665
40.png,RetCam_Ridge_masks,0.1406936645507812,0.0,0,1001,13.520106747513797,202.14911,1126.978260659894,1969,1228.7194267231994,0.4036179854549083,326.2653395808244,236.9938908173351
33.png,RetCam_Ridge_masks,0.1472053527832031,0.0,0,1418,10.487128774015291,180.3163,1126.978260659894,2611,1231.8634798876044,0.3438534178778212,324.9388806476081,239.01923089831453
9.png,RetCam_Ridge_masks,0.7383499145507812,0.0,0,4068,18.64543579262352,144.23761,1126.978260659894,2826,1210.775558912135,0.3259655307830855,326.6775440863801,235.21104834563167
50.png,RetCam_Ridge_masks,0.8534469604492188,0.0,0,3439,30.12127702485705,143.04663,1126.978260659894,3218,1215.523642493126,0.291990653233965,312.67520147808045,239.09267991699585
49.png,RetCam_Ridge_masks,0.0782012939453125,0.0,0,358,20.30485025988108,226.13075,1126.978260659894,1336,1239.3528323698094,0.4791146244565181,317.58020106634126,235.97869306878167
14.png,RetCam_Ridge_masks,0.4332351684570312,0.0,0,3799,12.608894728776605,198.0285,1126.978260659894,2322,1239.9588161571562,0.3701581487210561,316.17965331398835,238.81512950209847
1.png,RetCam_Ridge_masks,0.1093177795410156,0.0,0,1039,10.826635012862624,210.8636,1126.978260659894,1598,1243.9897996147934,0.4417552464821869,317.44113436431434,239.04792448980265
39.png,RetCam_Ridge_masks,0.2948417663574219,0.0,0,2952,10.371498870563252,204.26953,1126.978260659894,2205,1239.5644468100477,0.3802222023458223,315.9548119789854,238.7309832778137
20.png,RetCam_Ridge_masks,0.1451530456542968,0.0,0,1088,11.849363568333091,262.5347,1126.978260659894,1490,1245.0742505491355,0.4718246873047185,317.13620011630087,239.84116392834028
38.png,RetCam_Ridge_masks,0.1019859313964843,0.0,0,1202,8.842085820961081,223.13295,1126.978260659894,1634,1235.803418932152,0.4439889759285266,324.43778741908915,241.59932236624903
2.png,RetCam_Ridge_masks,0.1126632690429687,0.0,0,1139,8.679474774181397,187.46426,1126.978260659894,2203,1242.2875566063417,0.3813485640208302,321.7869725630482,239.3653860115767
10.png,RetCam_Ridge_masks,0.1436347961425781,0.0,0,1460,8.763068529976591,214.23506,1126.978260659894,1497,1241.930834859904,0.4715496940897713,317.21227810650885,237.90823119188505
36.png,RetCam_Ridge_masks,0.2828941345214844,0.0,0,2558,11.433565798020108,184.74586,1126.978260659894,2269,1235.2242585846968,0.3636576587733701,315.3176450167898,239.199471937941
18.png,RetCam_Ridge_masks,0.2453422546386718,0.0,0,2151,12.453518717533512,220.29732,1126.978260659894,3010,1239.0630879821406,0.3164443222925137,315.29373928101086,239.2594816404656
21.png,RetCam_Ridge_masks,0.0226516723632812,0.0,0,310,7.767174085525572,196.55484,1126.978260659894,1880,1238.399091774554,0.4082370095011302,322.8005432905608,237.68373249913657
12.png,RetCam_Ridge_masks,0.0656700134277343,0.0,0,658,9.255712288560556,221.94029,1126.978260659894,1668,1240.8928889059175,0.4407585297586628,322.71221993636345,238.23730411256128
28.png,RetCam_Ridge_masks,0.16473388671875,0.0,0,1682,9.529263467064265,189.05597,1126.978260659894,2474,1235.0160242766249,0.3438857602184889,324.2254870861646,239.84810591515435
22.png,RetCam_Ridge_masks,0.2647819519042969,0.0,0,1659,17.630233771139395,209.86745,1126.978260659894,2403,1237.452847483785,0.3644237396919608,314.85859153617946,238.3708874905211
34.png,RetCam_Ridge_masks,0.2015914916992187,0.0,0,2475,7.952777734998445,165.60411,1126.978260659894,2603,1235.4819257150148,0.3437244608365555,322.8477800280937,239.50874008628315
41.png,RetCam_Ridge_masks,0.18194580078125,0.0,0,993,18.45471889991448,213.85233,1126.978260659894,1735,1242.3695471260198,0.4492773665762551,321.923045449446,238.1146201107364
7.png,RetCam_Ridge_masks,0.9775428771972656,0.0,0,1982,44.09940139440673,130.6143,1126.978260659894,2940,1221.162776466159,0.3140315559078337,320.33377959317494,238.03769415718364
29.png,RetCam_Ridge_masks,0.6697731018066406,0.0,0,3519,29.43072413143929,192.34636,1126.978260659894,2766,1223.595971626068,0.3276856015009897,310.515606928551,239.67360837086525
17.png,RetCam_Ridge_masks,0.0036354064941406,0.0,0,82,3.4898583223367026,231.93828,1126.978260659894,1125,1246.923821463217,0.5092664726686129,320.7355415214486,239.95528812138048
5.png,RetCam_Ridge_masks,0.2546806335449219,0.0,0,1308,16.292139285131686,185.82889,1126.978260659894,2436,1229.2084313643547,0.3661779248391695,325.7466891379456,236.7064498188253
3.png,RetCam_Ridge_masks,0.1422042846679687,0.0,0,1818,6.683583555081439,222.7243,1126.978260659894,2104,1241.8693207541808,0.4001431654911376,316.3955940531937,238.6472897912277
16.png,RetCam_Ridge_masks,0.0408248901367187,0.0,0,536,6.813010530845911,247.5569,1126.978260659894,1777,1241.1822061407845,0.4228972989637347,315.77068463351657,238.3991232565136
8.png,RetCam_Ridge_masks,0.59161376953125,0.0,0,4108,18.839799200778653,158.66324,1126.978260659894,2936,1238.5759181057208,0.3233160585053335,317.416059678501,237.17521761936695
45.png,RetCam_Ridge_masks,0.978851318359375,0.0,0,2053,40.338447462353805,141.13393,1126.978260659894,2963,1225.9308682851947,0.3058147545612364,322.8208881885495,238.40504583269797
24.png,RetCam_Ridge_masks,0.20953369140625,0.0,0,2145,10.24030753075848,177.02074,1126.978260659894,2162,1241.7647397809797,0.3766759263918685,317.3589691082582,239.2118295587036
32.png,RetCam_Ridge_masks,0.5777702331542969,0.0,0,3744,19.900839806248207,206.60298,1126.978260659894,2615,1224.966677595543,0.3390600567273311,310.30049451687023,238.9792486194596
6.png,RetCam_Ridge_masks,0.4847221374511719,0.0,0,3903,15.618207596100827,180.9582,1126.978260659894,2112,1221.0668493372127,0.3869298854962266,326.938874428709,235.12547906461992
23.png,RetCam_Ridge_masks,0.3132553100585937,0.0,0,3111,9.504233425465388,167.4343,1126.978260659894,2323,1239.2768067104491,0.3624646767441372,317.20734194425563,239.45395367345924
44.png,RetCam_Ridge_masks,0.3937187194824219,0.0,0,3130,13.303508301217578,169.99544,1126.978260659894,2601,1232.946204490108,0.341705188037152,323.4789736064486,238.54237106425177
46.png,RetCam_Ridge_masks,0.6498146057128906,0.0,0,4206,18.072138805184,154.73273,1126.978260659894,2344,1224.7067981550094,0.3609037379443858,314.72884423407334,237.93676529510435
15.png,RetCam_Ridge_masks,0.1574668884277343,0.0,0,1192,12.26424733763838,209.81354,1126.978260659894,2010,1240.3037864732648,0.3975541721591395,322.7661485491053,238.4945026568009
30.png,RetCam_Ridge_masks,0.5790634155273438,0.0,0,3928,17.773950064648304,162.83966,1126.978260659894,2544,1221.777782286667,0.353224610384485,313.42706389308734,239.65877740968068
27.png,RetCam_Ridge_masks,0.3195571899414062,0.0,0,2168,17.089017647486553,173.516,1126.978260659894,2360,1235.0984975082752,0.3637451874270208,323.1455003755947,238.8848944161589
47.png,RetCam_Ridge_masks,0.7074508666992188,0.0,0,4347,15.788036700928116,153.87968,1126.978260659894,2643,1216.6334671110255,0.3393191156956017,326.47662712121,235.6320345724549
13.png,RetCam_Ridge_masks,0.3168487548828125,0.0,0,3093,9.509875651727668,194.53021,1126.978260659894,2501,1237.590715036161,0.3441222491575563,315.6126623106722,239.3891066886129
25.png,RetCam_Ridge_masks,0.0949020385742187,0.0,0,862,9.784274266564996,270.4625,1126.978260659894,1520,1244.2149520662967,0.4723195045340118,316.74936094195675,238.57606353404856
19.png,RetCam_Ridge_masks,0.1015548706054687,0.0,0,1214,7.046174426009049,196.5895,1126.978260659894,2313,1239.7945108410267,0.3625778915002864,322.681806585003,239.48793102877005
26.png,RetCam_Ridge_masks,0.1007461547851562,0.0,0,1373,6.277095210493885,193.84087,1126.978260659894,2176,1240.890836769736,0.3822102224777355,322.39790501453655,239.8923930264172
42.png,RetCam_Ridge_masks,0.2354354858398437,0.0,0,1855,12.388828986260046,172.37451,1126.978260659894,2548,1240.667133576767,0.3608255288278852,317.11276767516347,239.23195426030333
synthetic_rop_43.png,synthetic_rop_images,0.0,,0,0,,36.77301,892.3228115429976,10249,617.3502566652627,0.0477352473927143,156.38834471423036,214.7161813638368
synthetic_rop_48.png,synthetic_rop_images,0.0,,0,0,,33.079433,601.4465894823912,18706,564.6993806070722,0.0307895550962165,158.02841262996503,269.87077763403767
synthetic_rop_30.png,synthetic_rop_images,0.0,,0,0,,48.515064,803.5570919356011,8057,474.69772974728784,0.0422790329397511,198.64798282291784,273.0197310430557
synthetic_rop_35.png,synthetic_rop_images,0.0,,0,0,,22.26338,543.4795304332997,20107,481.9539777044331,0.05142497871306,158.1406770741975,259.2068496754955
synthetic_rop_18.png,synthetic_rop_images,0.0071487426757812,0.0,0,167,3.1965367066458708,47.373714,656.8409244253893,13140,432.0970340559679,0.066385003383045,190.05583742498635,238.44214402618655
synthetic_rop_12.png,synthetic_rop_images,0.0,,0,0,,33.014893,934.9844918499986,12896,512.8058137457313,0.0489095933641356,253.72775690436532,256.3256187783244
synthetic_rop_6.png,synthetic_rop_images,0.0,,0,0,,74.74043,717.6071348586216,7550,429.1936676770807,0.0693661108001385,206.7187093920208,239.16168542121707
synthetic_rop_45.png,synthetic_rop_images,0.0,,0,0,,44.700813,763.5247212762662,14482,526.0474148332452,0.0606366140889313,263.8386491211926,232.47720622066808
synthetic_rop_2.png,synthetic_rop_images,0.0001220703125,0.0,0,5,1.3106734188916631,37.911842,837.085419775067,10592,429.0512479620702,0.0617729971101674,233.2128095172223,242.0034029602988
synthetic_rop_11.png,synthetic_rop_images,0.0,,0,0,,27.876217,563.5672098339293,19609,455.5131273280948,0.0571688162527795,190.2110650204953,236.26067106845684
synthetic_rop_1.png,synthetic_rop_images,0.0,,0,0,,63.210503,696.7352438336961,11731,427.9339870122131,0.0667368142406685,193.10487526768085,231.6332007675835
synthetic_rop_19.png,synthetic_rop_images,0.0,,0,0,,43.859356,478.2990696206716,17605,446.0110464004708,0.0440634762070224,179.97242632939913,238.8682761975473
synthetic_rop_27.png,synthetic_rop_images,0.0078048706054687,0.0,0,130,4.821538797382346,88.41386,719.8360924543864,7705,445.18240595883447,0.0520728410177179,213.48088091689365,237.8732075859588
synthetic_rop_16.png,synthetic_rop_images,0.0,,0,0,,33.523308,516.108515721258,19073,711.9491342791908,0.0749921214802289,293.0988907198264,240.5495156947068
synthetic_rop_20.png,synthetic_rop_images,0.0,,0,0,,63.210503,696.7352438336961,11731,427.9339870122131,0.0667368142406685,193.10487526768085,231.6332007675835
synthetic_rop_42.png,synthetic_rop_images,0.0105094909667968,0.0,0,157,4.309033625098008,34.137608,842.6114169651394,14105,459.6701523134712,0.0617264095715617,207.3683233706132,244.300641149248
synthetic_rop_8.png,synthetic_rop_images,0.0,,0,0,,88.783394,604.0,8717,420.6781558410536,0.0682835203837045,176.40364913088524,252.21653044779555
synthetic_rop_39.png,synthetic_rop_images,0.0104942321777343,0.0,0,187,4.246019972186122,51.33163,635.1330569258697,12981,544.6133476377031,0.0589568713519434,160.49871218105017,247.00207768123903
synthetic_rop_5.png,synthetic_rop_images,0.0,,0,0,,43.859356,478.2990696206716,17605,446.0110464004708,0.0440634762070224,179.97242632939913,238.8682761975473
synthetic_rop_3.png,synthetic_rop_images,0.018585205078125,0.0,0,308,4.485631158902758,67.127884,661.8534581008095,9020,441.2698381437801,0.0701576104892437,218.0065126984542,235.1594957235896
synthetic_rop_15.png,synthetic_rop_images,0.0,,0,0,,33.014893,934.9844918499986,12896,512.8058137457313,0.0489095933641356,253.72775690436532,256.3256187783244
synthetic_rop_47.png,synthetic_rop_images,0.0,,0,0,,41.011047,823.0394887245691,9416,579.7190046151115,0.0720876065358742,140.84542644117113,259.0371885797418
synthetic_rop_50.png,synthetic_rop_images,0.0,,0,0,,25.590837,541.7767067713413,24214,725.1080771300897,0.0376051333073396,254.21376057033817,277.7959549386363
synthetic_rop_4.png,synthetic_rop_images,0.0,,0,0,,33.46715,793.8790839920144,14688,535.5226186223586,0.0446389975635263,166.10408453205469,268.1137098206358
synthetic_rop_31.png,synthetic_rop_images,0.0,,0,0,,43.859356,478.2990696206716,17605,446.0110464004708,0.0440634762070224,179.97242632939913,238.8682761975473
synthetic_rop_25.png,synthetic_rop_images,0.0077247619628906,0.0,0,183,3.181249080321884,42.94638,627.0964838045259,15464,711.1653900181739,0.0231743787398403,215.3675142238558,238.49448668244295
synthetic_rop_32.png,synthetic_rop_images,0.0,,0,0,,30.463581,939.9319124277034,11116,481.6104176027488,0.0641860040017469,265.62387194519465,259.3730979513866
synthetic_rop_23.png,synthetic_rop_images,0.0127983093261718,0.0,0,191,5.284821844203827,69.073814,800.1562347441904,7820,422.8216065379745,0.0627493466088269,224.20360083183772,237.6185796085805
synthetic_rop_13.png,synthetic_rop_images,0.0,,0,0,,48.515064,803.5570919356011,8057,474.69772974728784,0.0422790329397511,198.64798282291784,273.0197310430557
synthetic_rop_9.png,synthetic_rop_images,0.0151748657226562,0.0,0,314,4.072910382707739,26.774014,917.4976839207824,10719,485.2450262361925,0.0501545116382719,196.03227132135052,228.11870309086584
synthetic_rop_49.png,synthetic_rop_images,0.0,,0,0,,30.463581,939.9319124277034,11116,481.6104176027488,0.0641860040017469,265.62387194519465,259.3730979513866
synthetic_rop_40.png,synthetic_rop_images,0.0105094909667968,0.0,0,157,4.309033625098008,34.137608,842.6114169651394,14105,459.6701523134712,0.0617264095715617,207.3683233706132,244.300641149248
synthetic_rop_44.png,synthetic_rop_images,0.0,,0,0,,28.993628,689.788373343593,22288,639.3599887969941,0.0264395516853124,225.0048215887571,281.44033439649155
synthetic_rop_46.png,synthetic_rop_images,0.0,,0,0,,81.77167,621.232645632858,10852,409.2393392090799,0.0603102692889627,226.9089830920813,235.25507845760856
synthetic_rop_7.png,synthetic_rop_images,0.0024909973144531,0.0,0,57,3.1166709288107657,43.862137,923.320096174669,7036,550.5102809176614,0.057192567493092,153.08963801969549,239.9320404665076
synthetic_rop_36.png,synthetic_rop_images,0.0,,0,0,,87.067215,524.8161582878332,21483,879.3397383933382,0.0856685836102508,207.24820023052857,299.91054832866786
synthetic_rop_29.png,synthetic_rop_images,0.0,,0,0,,25.590837,541.7767067713413,24214,725.1080771300897,0.0376051333073396,254.21376057033817,277.7959549386363
synthetic_rop_17.png,synthetic_rop_images,0.0,,0,0,,31.585312,418.1506905411015,18804,446.4732725748957,0.0671093146310552,166.40940214614204,255.09483903934597
synthetic_rop_26.png,synthetic_rop_images,0.0,,0,0,,44.700813,763.5247212762662,14482,526.0474148332452,0.0606366140889313,263.8386491211926,232.47720622066808
synthetic_rop_24.png,synthetic_rop_images,0.0,,0,0,,60.60095,391.5226685646695,17540,437.5318411613276,0.0672217959828568,171.01894221560073,229.1222730658721
synthetic_rop_21.png,synthetic_rop_images,0.0,,0,0,,31.585312,418.1506905411015,18804,446.4732725748957,0.0671093146310552,166.40940214614204,255.09483903934597
synthetic_rop_22.png,synthetic_rop_images,0.0,,0,0,,48.12988,722.7420009934389,10063,475.5338432784189,0.034109452542475,171.1964370171843,271.10936690615074
synthetic_rop_10.png,synthetic_rop_images,0.0,,0,0,,36.77301,892.3228115429976,10249,617.3502566652627,0.0477352473927143,156.38834471423036,214.7161813638368
synthetic_rop_28.png,synthetic_rop_images,0.0,,0,0,,44.700813,763.5247212762662,14482,526.0474148332452,0.0606366140889313,263.8386491211926,232.47720622066808
synthetic_rop_38.png,synthetic_rop_images,0.0,,0,0,,33.079433,601.4465894823912,18706,564.6993806070722,0.0307895550962165,158.02841262996503,269.87077763403767
synthetic_rop_33.png,synthetic_rop_images,0.0,,0,0,,41.568665,584.0359577971205,15992,458.74407343529424,0.0448506732648199,187.4408170179812,267.53423198857723
synthetic_rop_37.png,synthetic_rop_images,0.0,,0,0,,74.74043,717.6071348586216,7550,429.1936676770807,0.0693661108001385,206.7187093920208,239.16168542121707
synthetic_rop_34.png,synthetic_rop_images,0.0357551574707031,0.0,0,531,4.990453717175458,33.88169,889.0894218243742,9080,511.8962700241871,0.0454657163923273,162.32203455715143,223.68921886843796
synthetic_rop_14.png,synthetic_rop_images,0.0127983093261718,0.0,0,191,5.284821844203827,69.073814,800.1562347441904,7820,422.8216065379745,0.0627493466088269,224.20360083183772,237.6185796085805
synthetic_rop_41.png,synthetic_rop_images,0.0105094909667968,0.0,0,157,4.309033625098008,34.137608,842.6114169651394,14105,459.6701523134712,0.0617264095715617,207.3683233706132,244.300641149248
